"","1","2","3","4","5","6","7","8","9","10","11","12","13"
"1",NA,NA,NA,NA,NA,NA,NA,NA,NA,NA,NA,NA,NA
"2",NA,NA,NA,NA,NA,NA,NA,NA,NA,NA,NA,NA,NA
"3",NA,NA,NA,NA,NA,NA,NA,NA,NA,NA,NA,NA,NA
"4",NA,NA,NA,NA,NA,NA,NA,NA,NA,NA,NA,NA,NA
"5",NA,NA,NA,NA,NA,NA,NA,NA,NA,NA,NA,NA,NA
"6",NA,NA,NA,NA,NA,NA,NA,NA,NA,NA,NA,NA,NA
"7",NA,NA,NA,NA,NA,NA,NA,NA,NA,NA,NA,NA,NA
"8",NA,NA,NA,NA,NA,NA,NA,NA,NA,NA,NA,NA,NA
"9",NA,NA,NA,NA,NA,NA,NA,NA,NA,NA,NA,NA,NA
"10",NA,NA,NA,NA,NA,NA,NA,NA,NA,NA,NA,NA,NA
"11",NA,NA,NA,NA,NA,NA,NA,NA,NA,NA,NA,NA,NA
"12",NA,NA,NA,NA,NA,NA,NA,NA,NA,NA,NA,NA,NA
"13",NA,NA,NA,NA,NA,NA,NA,NA,NA,NA,NA,NA,NA
"14",NA,NA,NA,NA,NA,NA,NA,NA,NA,NA,NA,NA,NA
"15",NA,NA,NA,NA,NA,NA,NA,NA,NA,NA,NA,NA,NA
"16","311920",NA,NA,NA,NA,NA,NA,NA,NA,NA,NA,NA,NA
"17",NA,NA,NA,NA,NA,NA,NA,NA,NA,NA,NA,NA,NA
"18",NA,NA,NA,NA,NA,NA,NA,NA,NA,NA,NA,NA,NA
"19",NA,NA,NA,NA,NA,NA,NA,NA,NA,NA,NA,NA,NA
"20",NA,NA,NA,NA,NA,NA,NA,NA,NA,NA,NA,NA,NA
"21",NA,NA,NA,NA,NA,NA,NA,NA,NA,NA,NA,NA,NA
"22",NA,NA,NA,NA,NA,NA,NA,NA,NA,NA,NA,NA,NA
"23",NA,NA,NA,NA,NA,NA,NA,NA,NA,NA,NA,NA,NA
"24",NA,NA,NA,NA,NA,NA,NA,NA,NA,NA,NA,NA,NA
"25",NA,NA,NA,NA,NA,NA,NA,NA,NA,NA,NA,NA,NA
"26",NA,NA,NA,NA,NA,NA,NA,NA,NA,NA,NA,NA,NA
"27",NA,NA,NA,NA,NA,NA,NA,NA,NA,NA,NA,NA,NA
"28",NA,NA,NA,NA,NA,NA,NA,NA,NA,NA,NA,NA,NA
"29",NA,NA,NA,NA,NA,NA,NA,NA,NA,NA,NA,NA,NA
"30",NA,NA,NA,NA,NA,NA,NA,NA,NA,NA,NA,NA,NA
"31",NA,NA,NA,NA,NA,NA,NA,NA,NA,NA,NA,NA,NA
"32",NA,NA,NA,NA,NA,NA,NA,NA,NA,NA,NA,NA,NA
"33",NA,NA,NA,NA,NA,NA,NA,NA,NA,NA,NA,NA,NA
"34",NA,NA,NA,NA,NA,NA,NA,NA,NA,NA,NA,NA,NA
"35",NA,NA,NA,NA,NA,NA,NA,NA,NA,NA,NA,NA,NA
"36",NA,NA,NA,NA,NA,NA,NA,NA,NA,NA,NA,NA,NA
"37",NA,NA,NA,NA,NA,NA,NA,NA,NA,NA,NA,NA,NA
"38",NA,NA,NA,NA,NA,NA,NA,NA,NA,NA,NA,NA,NA
"39",NA,NA,NA,NA,NA,NA,NA,NA,NA,NA,NA,NA,NA
"40",NA,NA,NA,NA,NA,NA,NA,NA,NA,NA,NA,NA,NA
"41",NA,NA,NA,NA,NA,NA,NA,NA,NA,NA,NA,NA,NA
"42",NA,NA,NA,NA,NA,NA,NA,NA,NA,NA,NA,NA,NA
"43",NA,NA,NA,NA,NA,NA,NA,NA,NA,NA,NA,NA,NA
"44",NA,NA,NA,NA,NA,NA,NA,NA,NA,NA,NA,NA,NA
"45",NA,NA,NA,NA,NA,NA,NA,NA,NA,NA,NA,NA,NA
"46",NA,NA,NA,NA,NA,NA,NA,NA,NA,NA,NA,NA,NA
"47",NA,NA,NA,NA,NA,NA,NA,NA,NA,NA,NA,NA,NA
"48",NA,NA,NA,NA,NA,NA,NA,NA,NA,NA,NA,NA,NA
"49",NA,NA,NA,NA,NA,NA,NA,NA,NA,NA,NA,NA,NA
"50","327212",NA,NA,NA,NA,NA,NA,NA,NA,NA,NA,NA,NA
"51",NA,NA,NA,NA,NA,NA,NA,NA,NA,NA,NA,NA,NA
"52",NA,NA,NA,NA,NA,NA,NA,NA,NA,NA,NA,NA,NA
"53",NA,NA,NA,NA,NA,NA,NA,NA,NA,NA,NA,NA,NA
"54",NA,NA,NA,NA,NA,NA,NA,NA,NA,NA,NA,NA,NA
"55",NA,NA,NA,NA,NA,NA,NA,NA,NA,NA,NA,NA,NA
"56",NA,NA,NA,NA,NA,NA,NA,NA,NA,NA,NA,NA,NA
"57",NA,NA,NA,NA,NA,NA,NA,NA,NA,NA,NA,NA,NA
"58","339913","331491",NA,NA,NA,NA,NA,NA,NA,NA,NA,NA,NA
"59","331491",NA,NA,NA,NA,NA,NA,NA,NA,NA,NA,NA,NA
"60",NA,NA,NA,NA,NA,NA,NA,NA,NA,NA,NA,NA,NA
"61",NA,NA,NA,NA,NA,NA,NA,NA,NA,NA,NA,NA,NA
"62",NA,NA,NA,NA,NA,NA,NA,NA,NA,NA,NA,NA,NA
"63",NA,NA,NA,NA,NA,NA,NA,NA,NA,NA,NA,NA,NA
"64",NA,NA,NA,NA,NA,NA,NA,NA,NA,NA,NA,NA,NA
"65",NA,NA,NA,NA,NA,NA,NA,NA,NA,NA,NA,NA,NA
"66",NA,NA,NA,NA,NA,NA,NA,NA,NA,NA,NA,NA,NA
"67",NA,NA,NA,NA,NA,NA,NA,NA,NA,NA,NA,NA,NA
"68",NA,NA,NA,NA,NA,NA,NA,NA,NA,NA,NA,NA,NA
"69",NA,NA,NA,NA,NA,NA,NA,NA,NA,NA,NA,NA,NA
"70",NA,NA,NA,NA,NA,NA,NA,NA,NA,NA,NA,NA,NA
"71",NA,NA,NA,NA,NA,NA,NA,NA,NA,NA,NA,NA,NA
"72",NA,NA,NA,NA,NA,NA,NA,NA,NA,NA,NA,NA,NA
"73","331419","910000","331491",NA,NA,NA,NA,NA,NA,NA,NA,NA,NA
"74",NA,NA,NA,NA,NA,NA,NA,NA,NA,NA,NA,NA,NA
"75",NA,NA,NA,NA,NA,NA,NA,NA,NA,NA,NA,NA,NA
"76",NA,NA,NA,NA,NA,NA,NA,NA,NA,NA,NA,NA,NA
"77","333314","334516",NA,NA,NA,NA,NA,NA,NA,NA,NA,NA,NA
"78","339999",NA,NA,NA,NA,NA,NA,NA,NA,NA,NA,NA,NA
"79",NA,NA,NA,NA,NA,NA,NA,NA,NA,NA,NA,NA,NA
"80",NA,NA,NA,NA,NA,NA,NA,NA,NA,NA,NA,NA,NA
"81",NA,NA,NA,NA,NA,NA,NA,NA,NA,NA,NA,NA,NA
"82",NA,NA,NA,NA,NA,NA,NA,NA,NA,NA,NA,NA,NA
"83",NA,NA,NA,NA,NA,NA,NA,NA,NA,NA,NA,NA,NA
"84",NA,NA,NA,NA,NA,NA,NA,NA,NA,NA,NA,NA,NA
"85",NA,NA,NA,NA,NA,NA,NA,NA,NA,NA,NA,NA,NA
"86","334518",NA,NA,NA,NA,NA,NA,NA,NA,NA,NA,NA,NA
"87","111140",NA,NA,NA,NA,NA,NA,NA,NA,NA,NA,NA,NA
"88","111199",NA,NA,NA,NA,NA,NA,NA,NA,NA,NA,NA,NA
"89","111199",NA,NA,NA,NA,NA,NA,NA,NA,NA,NA,NA,NA
"90","111199",NA,NA,NA,NA,NA,NA,NA,NA,NA,NA,NA,NA
"91","111150",NA,NA,NA,NA,NA,NA,NA,NA,NA,NA,NA,NA
"92","111160","311212",NA,NA,NA,NA,NA,NA,NA,NA,NA,NA,NA
"93","111199",NA,NA,NA,NA,NA,NA,NA,NA,NA,NA,NA,NA
"94","111199",NA,NA,NA,NA,NA,NA,NA,NA,NA,NA,NA,NA
"95","311211",NA,NA,NA,NA,NA,NA,NA,NA,NA,NA,NA,NA
"96","311211","311212",NA,NA,NA,NA,NA,NA,NA,NA,NA,NA,NA
"97","311211","311212",NA,NA,NA,NA,NA,NA,NA,NA,NA,NA,NA
"98","311230","311211",NA,NA,NA,NA,NA,NA,NA,NA,NA,NA,NA
"99","311211","311423",NA,NA,NA,NA,NA,NA,NA,NA,NA,NA,NA
"100","311211","311423",NA,NA,NA,NA,NA,NA,NA,NA,NA,NA,NA
"101","311213",NA,NA,NA,NA,NA,NA,NA,NA,NA,NA,NA,NA
"102","311221",NA,NA,NA,NA,NA,NA,NA,NA,NA,NA,NA,NA
"103","311221",NA,NA,NA,NA,NA,NA,NA,NA,NA,NA,NA,NA
"104","111110",NA,NA,NA,NA,NA,NA,NA,NA,NA,NA,NA,NA
"105","111992",NA,NA,NA,NA,NA,NA,NA,NA,NA,NA,NA,NA
"106","111335",NA,NA,NA,NA,NA,NA,NA,NA,NA,NA,NA,NA
"107","111120",NA,NA,NA,NA,NA,NA,NA,NA,NA,NA,NA,NA
"108","111120",NA,NA,NA,NA,NA,NA,NA,NA,NA,NA,NA,NA
"109","111120",NA,NA,NA,NA,NA,NA,NA,NA,NA,NA,NA,NA
"110","111120","111920","111199","111335",NA,NA,NA,NA,NA,NA,NA,NA,NA
"111","311222","311223",NA,NA,NA,NA,NA,NA,NA,NA,NA,NA,NA
"112","111991","111219","111998","111422","111421","111910",NA,NA,NA,NA,NA,NA,NA
"113","111998",NA,NA,NA,NA,NA,NA,NA,NA,NA,NA,NA,NA
"114","113210","111998","311920",NA,NA,NA,NA,NA,NA,NA,NA,NA,NA
"115","113210","114119","111339","111998","111991","111930",NA,NA,NA,NA,NA,NA,NA
"116","111998",NA,NA,NA,NA,NA,NA,NA,NA,NA,NA,NA,NA
"117","311119","111940","111998",NA,NA,NA,NA,NA,NA,NA,NA,NA,NA
"118","113210",NA,NA,NA,NA,NA,NA,NA,NA,NA,NA,NA,NA
"119","113210","311930","311999","325411",NA,NA,NA,NA,NA,NA,NA,NA,NA
"120","113210",NA,NA,NA,NA,NA,NA,NA,NA,NA,NA,NA,NA
"121","113210",NA,NA,NA,NA,NA,NA,NA,NA,NA,NA,NA,NA
"122","111998","113210",NA,NA,NA,NA,NA,NA,NA,NA,NA,NA,NA
"123","111998","311223","113210",NA,NA,NA,NA,NA,NA,NA,NA,NA,NA
"124","311611","311613",NA,NA,NA,NA,NA,NA,NA,NA,NA,NA,NA
"125","311611","311613",NA,NA,NA,NA,NA,NA,NA,NA,NA,NA,NA
"126","311613",NA,NA,NA,NA,NA,NA,NA,NA,NA,NA,NA,NA
"127","114111",NA,NA,NA,NA,NA,NA,NA,NA,NA,NA,NA,NA
"128","313312","325199",NA,NA,NA,NA,NA,NA,NA,NA,NA,NA,NA
"129","311613",NA,NA,NA,NA,NA,NA,NA,NA,NA,NA,NA,NA
"130","311222","311225",NA,NA,NA,NA,NA,NA,NA,NA,NA,NA,NA
"131","311223",NA,NA,NA,NA,NA,NA,NA,NA,NA,NA,NA,NA
"132","311223",NA,NA,NA,NA,NA,NA,NA,NA,NA,NA,NA,NA
"133","311223",NA,NA,NA,NA,NA,NA,NA,NA,NA,NA,NA,NA
"134","311223",NA,NA,NA,NA,NA,NA,NA,NA,NA,NA,NA,NA
"135","311223",NA,NA,NA,NA,NA,NA,NA,NA,NA,NA,NA,NA
"136","311223",NA,NA,NA,NA,NA,NA,NA,NA,NA,NA,NA,NA
"137","311223",NA,NA,NA,NA,NA,NA,NA,NA,NA,NA,NA,NA
"138","311223","311221",NA,NA,NA,NA,NA,NA,NA,NA,NA,NA,NA
"139","311225",NA,NA,NA,NA,NA,NA,NA,NA,NA,NA,NA,NA
"140","311225",NA,NA,NA,NA,NA,NA,NA,NA,NA,NA,NA,NA
"141","311223",NA,NA,NA,NA,NA,NA,NA,NA,NA,NA,NA,NA
"142","325199","325191","324110",NA,NA,NA,NA,NA,NA,NA,NA,NA,NA
"143","325611",NA,NA,NA,NA,NA,NA,NA,NA,NA,NA,NA,NA
"144","325998",NA,NA,NA,NA,NA,NA,NA,NA,NA,NA,NA,NA
"145","325613",NA,NA,NA,NA,NA,NA,NA,NA,NA,NA,NA,NA
"146","311615","311611",NA,NA,NA,NA,NA,NA,NA,NA,NA,NA,NA
"147","311422","311999","311615","311611",NA,NA,NA,NA,NA,NA,NA,NA,NA
"148","311611","311711",NA,NA,NA,NA,NA,NA,NA,NA,NA,NA,NA
"149","311711","114111",NA,NA,NA,NA,NA,NA,NA,NA,NA,NA,NA
"150","311711","114112","114111",NA,NA,NA,NA,NA,NA,NA,NA,NA,NA
"151","31131X",NA,NA,NA,NA,NA,NA,NA,NA,NA,NA,NA,NA
"152","311514","111998","311221","31131X",NA,NA,NA,NA,NA,NA,NA,NA,NA
"153","31131X",NA,NA,NA,NA,NA,NA,NA,NA,NA,NA,NA,NA
"154","311340",NA,NA,NA,NA,NA,NA,NA,NA,NA,NA,NA,NA
"155","111335",NA,NA,NA,NA,NA,NA,NA,NA,NA,NA,NA,NA
"156","111335",NA,NA,NA,NA,NA,NA,NA,NA,NA,NA,NA,NA
"157","311320",NA,NA,NA,NA,NA,NA,NA,NA,NA,NA,NA,NA
"158","311320",NA,NA,NA,NA,NA,NA,NA,NA,NA,NA,NA,NA
"159","311320",NA,NA,NA,NA,NA,NA,NA,NA,NA,NA,NA,NA
"160","311320",NA,NA,NA,NA,NA,NA,NA,NA,NA,NA,NA,NA
"161","311514","311822","312120","311942","311930","311999","311513",NA,NA,NA,NA,NA,NA
"162","311823","311999",NA,NA,NA,NA,NA,NA,NA,NA,NA,NA,NA
"163","311221",NA,NA,NA,NA,NA,NA,NA,NA,NA,NA,NA,NA
"164","311230","311999",NA,NA,NA,NA,NA,NA,NA,NA,NA,NA,NA
"165","31181X","311919","311999",NA,NA,NA,NA,NA,NA,NA,NA,NA,NA
"166","311421",NA,NA,NA,NA,NA,NA,NA,NA,NA,NA,NA,NA
"167","311421",NA,NA,NA,NA,NA,NA,NA,NA,NA,NA,NA,NA
"168","311421",NA,NA,NA,NA,NA,NA,NA,NA,NA,NA,NA,NA
"169","311411",NA,NA,NA,NA,NA,NA,NA,NA,NA,NA,NA,NA
"170","311422","311999","311919","311423","311421",NA,NA,NA,NA,NA,NA,NA,NA
"171","311340",NA,NA,NA,NA,NA,NA,NA,NA,NA,NA,NA,NA
"172","311422","311999","311421",NA,NA,NA,NA,NA,NA,NA,NA,NA,NA
"173","311911","111150","311421","311230","311999",NA,NA,NA,NA,NA,NA,NA,NA
"174","311411","311421",NA,NA,NA,NA,NA,NA,NA,NA,NA,NA,NA
"175","311920",NA,NA,NA,NA,NA,NA,NA,NA,NA,NA,NA,NA
"176","311999",NA,NA,NA,NA,NA,NA,NA,NA,NA,NA,NA,NA
"177","311941","311421","311942",NA,NA,NA,NA,NA,NA,NA,NA,NA,NA
"178","311999","311711","311422",NA,NA,NA,NA,NA,NA,NA,NA,NA,NA
"179","311520",NA,NA,NA,NA,NA,NA,NA,NA,NA,NA,NA,NA
"180","311222","311930","325412","311411","311999","311514","311340","311920",".",NA,NA,NA,NA
"181","312112","312113",NA,NA,NA,NA,NA,NA,NA,NA,NA,NA,NA
"182","312111","311511","311421","312120",NA,NA,NA,NA,NA,NA,NA,NA,NA
"183","312120",NA,NA,NA,NA,NA,NA,NA,NA,NA,NA,NA,NA
"184","312130",NA,NA,NA,NA,NA,NA,NA,NA,NA,NA,NA,NA
"185","312130",NA,NA,NA,NA,NA,NA,NA,NA,NA,NA,NA,NA
"186","312130",NA,NA,NA,NA,NA,NA,NA,NA,NA,NA,NA,NA
"187","312140","325193",NA,NA,NA,NA,NA,NA,NA,NA,NA,NA,NA
"188","312140","312130","311930",NA,NA,NA,NA,NA,NA,NA,NA,NA,NA
"189","311999",NA,NA,NA,NA,NA,NA,NA,NA,NA,NA,NA,NA
"190","311613","114111",NA,NA,NA,NA,NA,NA,NA,NA,NA,NA,NA
"191","311211","311212","311423",NA,NA,NA,NA,NA,NA,NA,NA,NA,NA
"192","311221","31131X","312120",NA,NA,NA,NA,NA,NA,NA,NA,NA,NA
"193","311222",NA,NA,NA,NA,NA,NA,NA,NA,NA,NA,NA,NA
"194","311223",NA,NA,NA,NA,NA,NA,NA,NA,NA,NA,NA,NA
"195","311223","311221",NA,NA,NA,NA,NA,NA,NA,NA,NA,NA,NA
"196","312130",NA,NA,NA,NA,NA,NA,NA,NA,NA,NA,NA,NA
"197","113210","311411","311119","311223",NA,NA,NA,NA,NA,NA,NA,NA,NA
"198","311111","311119",NA,NA,NA,NA,NA,NA,NA,NA,NA,NA,NA
"199","111910",NA,NA,NA,NA,NA,NA,NA,NA,NA,NA,NA,NA
"200","312229","312221",NA,NA,NA,NA,NA,NA,NA,NA,NA,NA,NA
"201","312229",NA,NA,NA,NA,NA,NA,NA,NA,NA,NA,NA,NA
"202","212393",NA,NA,NA,NA,NA,NA,NA,NA,NA,NA,NA,NA
"203","212393",NA,NA,NA,NA,NA,NA,NA,NA,NA,NA,NA,NA
"204","212393","325188",NA,NA,NA,NA,NA,NA,NA,NA,NA,NA,NA
"205","327992","212399",NA,NA,NA,NA,NA,NA,NA,NA,NA,NA,NA
"206","212322",NA,NA,NA,NA,NA,NA,NA,NA,NA,NA,NA,NA
"207","212311",NA,NA,NA,NA,NA,NA,NA,NA,NA,NA,NA,NA
"208","212324",NA,NA,NA,NA,NA,NA,NA,NA,NA,NA,NA,NA
"209","212325",NA,NA,NA,NA,NA,NA,NA,NA,NA,NA,NA,NA
"210","212319",NA,NA,NA,NA,NA,NA,NA,NA,NA,NA,NA,NA
"211","212392",NA,NA,NA,NA,NA,NA,NA,NA,NA,NA,NA,NA
"212","212393","327992",NA,NA,NA,NA,NA,NA,NA,NA,NA,NA,NA
"213","212399",NA,NA,NA,NA,NA,NA,NA,NA,NA,NA,NA,NA
"214","212399","327910",NA,NA,NA,NA,NA,NA,NA,NA,NA,NA,NA
"215","212311",NA,NA,NA,NA,NA,NA,NA,NA,NA,NA,NA,NA
"216","212311",NA,NA,NA,NA,NA,NA,NA,NA,NA,NA,NA,NA
"217","212311",NA,NA,NA,NA,NA,NA,NA,NA,NA,NA,NA,NA
"218","212319","212322","324121",NA,NA,NA,NA,NA,NA,NA,NA,NA,NA
"219","212319","327410","327992",NA,NA,NA,NA,NA,NA,NA,NA,NA,NA
"220","212325","327992",NA,NA,NA,NA,NA,NA,NA,NA,NA,NA,NA
"221","212399","327420",NA,NA,NA,NA,NA,NA,NA,NA,NA,NA,NA
"222","212319",NA,NA,NA,NA,NA,NA,NA,NA,NA,NA,NA,NA
"223","327410","327310",NA,NA,NA,NA,NA,NA,NA,NA,NA,NA,NA
"224","327310",NA,NA,NA,NA,NA,NA,NA,NA,NA,NA,NA,NA
"225","212399",NA,NA,NA,NA,NA,NA,NA,NA,NA,NA,NA,NA
"226","212399","327992","910000","327999",NA,NA,NA,NA,NA,NA,NA,NA,NA
"227","212399","327992",NA,NA,NA,NA,NA,NA,NA,NA,NA,NA,NA
"228","212399",NA,NA,NA,NA,NA,NA,NA,NA,NA,NA,NA,NA
"229","212391",NA,NA,NA,NA,NA,NA,NA,NA,NA,NA,NA,NA
"230","212325","212393",NA,NA,NA,NA,NA,NA,NA,NA,NA,NA,NA
"231","212399","212393",NA,NA,NA,NA,NA,NA,NA,NA,NA,NA,NA
"232","212210","327992",NA,NA,NA,NA,NA,NA,NA,NA,NA,NA,NA
"233","212299",NA,NA,NA,NA,NA,NA,NA,NA,NA,NA,NA,NA
"234","212234",NA,NA,NA,NA,NA,NA,NA,NA,NA,NA,NA,NA
"235","212234",NA,NA,NA,NA,NA,NA,NA,NA,NA,NA,NA,NA
"236","212299",NA,NA,NA,NA,NA,NA,NA,NA,NA,NA,NA,NA
"237","212299",NA,NA,NA,NA,NA,NA,NA,NA,NA,NA,NA,NA
"238","212231",NA,NA,NA,NA,NA,NA,NA,NA,NA,NA,NA,NA
"239","212231",NA,NA,NA,NA,NA,NA,NA,NA,NA,NA,NA,NA
"240","212299",NA,NA,NA,NA,NA,NA,NA,NA,NA,NA,NA,NA
"241","212299",NA,NA,NA,NA,NA,NA,NA,NA,NA,NA,NA,NA
"242","212299",NA,NA,NA,NA,NA,NA,NA,NA,NA,NA,NA,NA
"243","212291","212299",NA,NA,NA,NA,NA,NA,NA,NA,NA,NA,NA
"244","212299",NA,NA,NA,NA,NA,NA,NA,NA,NA,NA,NA,NA
"245","212299",NA,NA,NA,NA,NA,NA,NA,NA,NA,NA,NA,NA
"246","212299","212291",NA,NA,NA,NA,NA,NA,NA,NA,NA,NA,NA
"247","212222","212221",NA,NA,NA,NA,NA,NA,NA,NA,NA,NA,NA
"248","212299",NA,NA,NA,NA,NA,NA,NA,NA,NA,NA,NA,NA
"249","331111",NA,NA,NA,NA,NA,NA,NA,NA,NA,NA,NA,NA
"250","331111",NA,NA,NA,NA,NA,NA,NA,NA,NA,NA,NA,NA
"251","331419",NA,NA,NA,NA,NA,NA,NA,NA,NA,NA,NA,NA
"252","910000",NA,NA,NA,NA,NA,NA,NA,NA,NA,NA,NA,NA
"253","212113","212112","324110",NA,NA,NA,NA,NA,NA,NA,NA,NA,NA
"254","212112",NA,NA,NA,NA,NA,NA,NA,NA,NA,NA,NA,NA
"255","212399",NA,NA,NA,NA,NA,NA,NA,NA,NA,NA,NA,NA
"256","331111",NA,NA,NA,NA,NA,NA,NA,NA,NA,NA,NA,NA
"257","331111",NA,NA,NA,NA,NA,NA,NA,NA,NA,NA,NA,NA
"258","331111",NA,NA,NA,NA,NA,NA,NA,NA,NA,NA,NA,NA
"259","325192","324110",NA,NA,NA,NA,NA,NA,NA,NA,NA,NA,NA
"260","325192",NA,NA,NA,NA,NA,NA,NA,NA,NA,NA,NA,NA
"261","211111","211112",NA,NA,NA,NA,NA,NA,NA,NA,NA,NA,NA
"262","324110","211112","325182",".",NA,NA,NA,NA,NA,NA,NA,NA,NA
"263","211111","211112","325110",NA,NA,NA,NA,NA,NA,NA,NA,NA,NA
"264","324110",NA,NA,NA,NA,NA,NA,NA,NA,NA,NA,NA,NA
"265","324110",NA,NA,NA,NA,NA,NA,NA,NA,NA,NA,NA,NA
"266","212399",NA,NA,NA,NA,NA,NA,NA,NA,NA,NA,NA,NA
"267","324121",NA,NA,NA,NA,NA,NA,NA,NA,NA,NA,NA,NA
"268","990000",NA,NA,NA,NA,NA,NA,NA,NA,NA,NA,NA,NA
"269","325181","325188",NA,NA,NA,NA,NA,NA,NA,NA,NA,NA,NA
"270","325188",NA,NA,NA,NA,NA,NA,NA,NA,NA,NA,NA,NA
"271","325182",NA,NA,NA,NA,NA,NA,NA,NA,NA,NA,NA,NA
"272","325120","331419","325188",NA,NA,NA,NA,NA,NA,NA,NA,NA,NA
"273","325188",NA,NA,NA,NA,NA,NA,NA,NA,NA,NA,NA,NA
"274","325188",NA,NA,NA,NA,NA,NA,NA,NA,NA,NA,NA,NA
"275","325188",NA,NA,NA,NA,NA,NA,NA,NA,NA,NA,NA,NA
"276","325311","325188",NA,NA,NA,NA,NA,NA,NA,NA,NA,NA,NA
"277","325188","325312",NA,NA,NA,NA,NA,NA,NA,NA,NA,NA,NA
"278","325188",NA,NA,NA,NA,NA,NA,NA,NA,NA,NA,NA,NA
"279","325188","325120",NA,NA,NA,NA,NA,NA,NA,NA,NA,NA,NA
"280","325188",NA,NA,NA,NA,NA,NA,NA,NA,NA,NA,NA,NA
"281","325188",NA,NA,NA,NA,NA,NA,NA,NA,NA,NA,NA,NA
"282","325311",NA,NA,NA,NA,NA,NA,NA,NA,NA,NA,NA,NA
"283","325181",NA,NA,NA,NA,NA,NA,NA,NA,NA,NA,NA,NA
"284","325188",NA,NA,NA,NA,NA,NA,NA,NA,NA,NA,NA,NA
"285","325188",NA,NA,NA,NA,NA,NA,NA,NA,NA,NA,NA,NA
"286","327910","331311","325188",NA,NA,NA,NA,NA,NA,NA,NA,NA,NA
"287","325188",NA,NA,NA,NA,NA,NA,NA,NA,NA,NA,NA,NA
"288","325188",NA,NA,NA,NA,NA,NA,NA,NA,NA,NA,NA,NA
"289","325131","325188",NA,NA,NA,NA,NA,NA,NA,NA,NA,NA,NA
"290","325188",NA,NA,NA,NA,NA,NA,NA,NA,NA,NA,NA,NA
"291","325131",NA,NA,NA,NA,NA,NA,NA,NA,NA,NA,NA,NA
"292","325131",NA,NA,NA,NA,NA,NA,NA,NA,NA,NA,NA,NA
"293","325188","325131",NA,NA,NA,NA,NA,NA,NA,NA,NA,NA,NA
"294","325188",NA,NA,NA,NA,NA,NA,NA,NA,NA,NA,NA,NA
"295","325188",NA,NA,NA,NA,NA,NA,NA,NA,NA,NA,NA,NA
"296","325188",NA,NA,NA,NA,NA,NA,NA,NA,NA,NA,NA,NA
"297","325188",NA,NA,NA,NA,NA,NA,NA,NA,NA,NA,NA,NA
"298","325188",NA,NA,NA,NA,NA,NA,NA,NA,NA,NA,NA,NA
"299","325188",NA,NA,NA,NA,NA,NA,NA,NA,NA,NA,NA,NA
"300","325188",NA,NA,NA,NA,NA,NA,NA,NA,NA,NA,NA,NA
"301","325188",NA,NA,NA,NA,NA,NA,NA,NA,NA,NA,NA,NA
"302","325188",NA,NA,NA,NA,NA,NA,NA,NA,NA,NA,NA,NA
"303","325188","325312",NA,NA,NA,NA,NA,NA,NA,NA,NA,NA,NA
"304","325311","325181","325188",NA,NA,NA,NA,NA,NA,NA,NA,NA,NA
"305","325188",NA,NA,NA,NA,NA,NA,NA,NA,NA,NA,NA,NA
"306","325188",NA,NA,NA,NA,NA,NA,NA,NA,NA,NA,NA,NA
"307","325188",NA,NA,NA,NA,NA,NA,NA,NA,NA,NA,NA,NA
"308","325188",NA,NA,NA,NA,NA,NA,NA,NA,NA,NA,NA,NA
"309","325188","325131",NA,NA,NA,NA,NA,NA,NA,NA,NA,NA,NA
"310","325188",NA,NA,NA,NA,NA,NA,NA,NA,NA,NA,NA,NA
"311","325188",NA,NA,NA,NA,NA,NA,NA,NA,NA,NA,NA,NA
"312","325188",NA,NA,NA,NA,NA,NA,NA,NA,NA,NA,NA,NA
"313","325188",NA,NA,NA,NA,NA,NA,NA,NA,NA,NA,NA,NA
"314","325188",NA,NA,NA,NA,NA,NA,NA,NA,NA,NA,NA,NA
"315","325188",NA,NA,NA,NA,NA,NA,NA,NA,NA,NA,NA,NA
"316","325188",NA,NA,NA,NA,NA,NA,NA,NA,NA,NA,NA,NA
"317","325188","327910",NA,NA,NA,NA,NA,NA,NA,NA,NA,NA,NA
"318","325188",NA,NA,NA,NA,NA,NA,NA,NA,NA,NA,NA,NA
"319","325188",NA,NA,NA,NA,NA,NA,NA,NA,NA,NA,NA,NA
"320","325110",NA,NA,NA,NA,NA,NA,NA,NA,NA,NA,NA,NA
"321","325192","324110",NA,NA,NA,NA,NA,NA,NA,NA,NA,NA,NA
"322","325199","325120",NA,NA,NA,NA,NA,NA,NA,NA,NA,NA,NA
"323","325199",NA,NA,NA,NA,NA,NA,NA,NA,NA,NA,NA,NA
"324","325199",NA,NA,NA,NA,NA,NA,NA,NA,NA,NA,NA,NA
"325","325199",NA,NA,NA,NA,NA,NA,NA,NA,NA,NA,NA,NA
"326","325199","325192",NA,NA,NA,NA,NA,NA,NA,NA,NA,NA,NA
"327","325199",NA,NA,NA,NA,NA,NA,NA,NA,NA,NA,NA,NA
"328","325199",NA,NA,NA,NA,NA,NA,NA,NA,NA,NA,NA,NA
"329","325199",NA,NA,NA,NA,NA,NA,NA,NA,NA,NA,NA,NA
"330","325199",NA,NA,NA,NA,NA,NA,NA,NA,NA,NA,NA,NA
"331","325199",NA,NA,NA,NA,NA,NA,NA,NA,NA,NA,NA,NA
"332","325199",NA,NA,NA,NA,NA,NA,NA,NA,NA,NA,NA,NA
"333","325199",NA,NA,NA,NA,NA,NA,NA,NA,NA,NA,NA,NA
"334","325199","325411",NA,NA,NA,NA,NA,NA,NA,NA,NA,NA,NA
"335","325199","325411",NA,NA,NA,NA,NA,NA,NA,NA,NA,NA,NA
"336","325199","325192",NA,NA,NA,NA,NA,NA,NA,NA,NA,NA,NA
"337","325199","325192","325411",NA,NA,NA,NA,NA,NA,NA,NA,NA,NA
"338","325199",NA,NA,NA,NA,NA,NA,NA,NA,NA,NA,NA,NA
"339","325199",NA,NA,NA,NA,NA,NA,NA,NA,NA,NA,NA,NA
"340","325199","325192","325132","325411",NA,NA,NA,NA,NA,NA,NA,NA,NA
"341","325199","325411","325192","325132",NA,NA,NA,NA,NA,NA,NA,NA,NA
"342","325199",NA,NA,NA,NA,NA,NA,NA,NA,NA,NA,NA,NA
"343","325199","325132","325411",NA,NA,NA,NA,NA,NA,NA,NA,NA,NA
"344","325199","325411",NA,NA,NA,NA,NA,NA,NA,NA,NA,NA,NA
"345","325199","325320",NA,NA,NA,NA,NA,NA,NA,NA,NA,NA,NA
"346","325199","325132",NA,NA,NA,NA,NA,NA,NA,NA,NA,NA,NA
"347","325199","325411",NA,NA,NA,NA,NA,NA,NA,NA,NA,NA,NA
"348","325199",NA,NA,NA,NA,NA,NA,NA,NA,NA,NA,NA,NA
"349","325199","325411",NA,NA,NA,NA,NA,NA,NA,NA,NA,NA,NA
"350","325199","325411",NA,NA,NA,NA,NA,NA,NA,NA,NA,NA,NA
"351","325199","325411",NA,NA,NA,NA,NA,NA,NA,NA,NA,NA,NA
"352","325199","325411",NA,NA,NA,NA,NA,NA,NA,NA,NA,NA,NA
"353","325199","325411",NA,NA,NA,NA,NA,NA,NA,NA,NA,NA,NA
"354","325411","325199","325132",NA,NA,NA,NA,NA,NA,NA,NA,NA,NA
"355","325411",NA,NA,NA,NA,NA,NA,NA,NA,NA,NA,NA,NA
"356","325411",NA,NA,NA,NA,NA,NA,NA,NA,NA,NA,NA,NA
"357","325411",NA,NA,NA,NA,NA,NA,NA,NA,NA,NA,NA,NA
"358","325411",NA,NA,NA,NA,NA,NA,NA,NA,NA,NA,NA,NA
"359","325199",NA,NA,NA,NA,NA,NA,NA,NA,NA,NA,NA,NA
"360","325411",NA,NA,NA,NA,NA,NA,NA,NA,NA,NA,NA,NA
"361","325199","325411",NA,NA,NA,NA,NA,NA,NA,NA,NA,NA,NA
"362","325411",NA,NA,NA,NA,NA,NA,NA,NA,NA,NA,NA,NA
"363","325414",NA,NA,NA,NA,NA,NA,NA,NA,NA,NA,NA,NA
"364","325411",NA,NA,NA,NA,NA,NA,NA,NA,NA,NA,NA,NA
"365","325412",NA,NA,NA,NA,NA,NA,NA,NA,NA,NA,NA,NA
"366","339113",NA,NA,NA,NA,NA,NA,NA,NA,NA,NA,NA,NA
"367","339113","325412","339114",NA,NA,NA,NA,NA,NA,NA,NA,NA,NA
"368","325311",NA,NA,NA,NA,NA,NA,NA,NA,NA,NA,NA,NA
"369","325311",NA,NA,NA,NA,NA,NA,NA,NA,NA,NA,NA,NA
"370","325312","331111",NA,NA,NA,NA,NA,NA,NA,NA,NA,NA,NA
"371","212391","325312",NA,NA,NA,NA,NA,NA,NA,NA,NA,NA,NA
"372","325312",NA,NA,NA,NA,NA,NA,NA,NA,NA,NA,NA,NA
"373","325191",NA,NA,NA,NA,NA,NA,NA,NA,NA,NA,NA,NA
"374","325613",NA,NA,NA,NA,NA,NA,NA,NA,NA,NA,NA,NA
"375","325191",NA,NA,NA,NA,NA,NA,NA,NA,NA,NA,NA,NA
"376","325132",NA,NA,NA,NA,NA,NA,NA,NA,NA,NA,NA,NA
"377","325132",NA,NA,NA,NA,NA,NA,NA,NA,NA,NA,NA,NA
"378","325131",NA,NA,NA,NA,NA,NA,NA,NA,NA,NA,NA,NA
"379","325131","325510","325998",NA,NA,NA,NA,NA,NA,NA,NA,NA,NA
"380","325510",NA,NA,NA,NA,NA,NA,NA,NA,NA,NA,NA,NA
"381","325510",NA,NA,NA,NA,NA,NA,NA,NA,NA,NA,NA,NA
"382","325510",NA,NA,NA,NA,NA,NA,NA,NA,NA,NA,NA,NA
"383","325510",NA,NA,NA,NA,NA,NA,NA,NA,NA,NA,NA,NA
"384","332999","325131","325510",NA,NA,NA,NA,NA,NA,NA,NA,NA,NA
"385","339942",NA,NA,NA,NA,NA,NA,NA,NA,NA,NA,NA,NA
"386","325520","325510",NA,NA,NA,NA,NA,NA,NA,NA,NA,NA,NA
"387","325910","325998",NA,NA,NA,NA,NA,NA,NA,NA,NA,NA,NA
"388","325998",NA,NA,NA,NA,NA,NA,NA,NA,NA,NA,NA,NA
"389","325199","325620",NA,NA,NA,NA,NA,NA,NA,NA,NA,NA,NA
"390","325620",NA,NA,NA,NA,NA,NA,NA,NA,NA,NA,NA,NA
"391","325620",NA,NA,NA,NA,NA,NA,NA,NA,NA,NA,NA,NA
"392","325620",NA,NA,NA,NA,NA,NA,NA,NA,NA,NA,NA,NA
"393","325611","325620",NA,NA,NA,NA,NA,NA,NA,NA,NA,NA,NA
"394","325620","325998","325611",NA,NA,NA,NA,NA,NA,NA,NA,NA,NA
"395","325611",NA,NA,NA,NA,NA,NA,NA,NA,NA,NA,NA,NA
"396","325613","325611",NA,NA,NA,NA,NA,NA,NA,NA,NA,NA,NA
"397","325613",NA,NA,NA,NA,NA,NA,NA,NA,NA,NA,NA,NA
"398","325612",NA,NA,NA,NA,NA,NA,NA,NA,NA,NA,NA,NA
"399","325612","325611",NA,NA,NA,NA,NA,NA,NA,NA,NA,NA,NA
"400","339999",NA,NA,NA,NA,NA,NA,NA,NA,NA,NA,NA,NA
"401","339942","339114",NA,NA,NA,NA,NA,NA,NA,NA,NA,NA,NA
"402","311514","325520","325199",NA,NA,NA,NA,NA,NA,NA,NA,NA,NA
"403","311999","325199",NA,NA,NA,NA,NA,NA,NA,NA,NA,NA,NA
"404","325998","325520",NA,NA,NA,NA,NA,NA,NA,NA,NA,NA,NA
"405","311222","325998",NA,NA,NA,NA,NA,NA,NA,NA,NA,NA,NA
"406","311221","325520",NA,NA,NA,NA,NA,NA,NA,NA,NA,NA,NA
"407","325520",NA,NA,NA,NA,NA,NA,NA,NA,NA,NA,NA,NA
"408","325199",NA,NA,NA,NA,NA,NA,NA,NA,NA,NA,NA,NA
"409","325920",NA,NA,NA,NA,NA,NA,NA,NA,NA,NA,NA,NA
"410","325920",NA,NA,NA,NA,NA,NA,NA,NA,NA,NA,NA,NA
"411","325920",NA,NA,NA,NA,NA,NA,NA,NA,NA,NA,NA,NA
"412","325998",NA,NA,NA,NA,NA,NA,NA,NA,NA,NA,NA,NA
"413","325998",NA,NA,NA,NA,NA,NA,NA,NA,NA,NA,NA,NA
"414","325998",NA,NA,NA,NA,NA,NA,NA,NA,NA,NA,NA,NA
"415","325992",NA,NA,NA,NA,NA,NA,NA,NA,NA,NA,NA,NA
"416","325992",NA,NA,NA,NA,NA,NA,NA,NA,NA,NA,NA,NA
"417","325992",NA,NA,NA,NA,NA,NA,NA,NA,NA,NA,NA,NA
"418","990000",NA,NA,NA,NA,NA,NA,NA,NA,NA,NA,NA,NA
"419","990000",NA,NA,NA,NA,NA,NA,NA,NA,NA,NA,NA,NA
"420","990000",NA,NA,NA,NA,NA,NA,NA,NA,NA,NA,NA,NA
"421","325992",NA,NA,NA,NA,NA,NA,NA,NA,NA,NA,NA,NA
"422","327999","335991",NA,NA,NA,NA,NA,NA,NA,NA,NA,NA,NA
"423","325998","325131","327992",NA,NA,NA,NA,NA,NA,NA,NA,NA,NA
"424","325191",NA,NA,NA,NA,NA,NA,NA,NA,NA,NA,NA,NA
"425","322110",NA,NA,NA,NA,NA,NA,NA,NA,NA,NA,NA,NA
"426","325191",NA,NA,NA,NA,NA,NA,NA,NA,NA,NA,NA,NA
"427","325191","325211",NA,NA,NA,NA,NA,NA,NA,NA,NA,NA,NA
"428","325191",NA,NA,NA,NA,NA,NA,NA,NA,NA,NA,NA,NA
"429","325320","325611",NA,NA,NA,NA,NA,NA,NA,NA,NA,NA,NA
"430","325613","325998",NA,NA,NA,NA,NA,NA,NA,NA,NA,NA,NA
"431","325998",NA,NA,NA,NA,NA,NA,NA,NA,NA,NA,NA,NA
"432","325998",NA,NA,NA,NA,NA,NA,NA,NA,NA,NA,NA,NA
"433","325998",NA,NA,NA,NA,NA,NA,NA,NA,NA,NA,NA,NA
"434","325998",NA,NA,NA,NA,NA,NA,NA,NA,NA,NA,NA,NA
"435","325510",NA,NA,NA,NA,NA,NA,NA,NA,NA,NA,NA,NA
"436","325188",NA,NA,NA,NA,NA,NA,NA,NA,NA,NA,NA,NA
"437","327124","327125",NA,NA,NA,NA,NA,NA,NA,NA,NA,NA,NA
"438","325192",NA,NA,NA,NA,NA,NA,NA,NA,NA,NA,NA,NA
"439","334413",NA,NA,NA,NA,NA,NA,NA,NA,NA,NA,NA,NA
"440","324110",NA,NA,NA,NA,NA,NA,NA,NA,NA,NA,NA,NA
"441","325998",NA,NA,NA,NA,NA,NA,NA,NA,NA,NA,NA,NA
"442","325412",NA,NA,NA,NA,NA,NA,NA,NA,NA,NA,NA,NA
"443","325412",NA,NA,NA,NA,NA,NA,NA,NA,NA,NA,NA,NA
"444","325199",NA,NA,NA,NA,NA,NA,NA,NA,NA,NA,NA,NA
"445","325211","325212",NA,NA,NA,NA,NA,NA,NA,NA,NA,NA,NA
"446","325211","325212",NA,NA,NA,NA,NA,NA,NA,NA,NA,NA,NA
"447","325211",NA,NA,NA,NA,NA,NA,NA,NA,NA,NA,NA,NA
"448","325211","325212",NA,NA,NA,NA,NA,NA,NA,NA,NA,NA,NA
"449","325211",NA,NA,NA,NA,NA,NA,NA,NA,NA,NA,NA,NA
"450","325211","325212",NA,NA,NA,NA,NA,NA,NA,NA,NA,NA,NA
"451","325211",NA,NA,NA,NA,NA,NA,NA,NA,NA,NA,NA,NA
"452","325211",NA,NA,NA,NA,NA,NA,NA,NA,NA,NA,NA,NA
"453","325211","325212",NA,NA,NA,NA,NA,NA,NA,NA,NA,NA,NA
"454","325211",NA,NA,NA,NA,NA,NA,NA,NA,NA,NA,NA,NA
"455","325211","325212",NA,NA,NA,NA,NA,NA,NA,NA,NA,NA,NA
"456","325199","325211","325920","325212",NA,NA,NA,NA,NA,NA,NA,NA,NA
"457","325199","325212",NA,NA,NA,NA,NA,NA,NA,NA,NA,NA,NA
"458","325211",NA,NA,NA,NA,NA,NA,NA,NA,NA,NA,NA,NA
"459","910000",NA,NA,NA,NA,NA,NA,NA,NA,NA,NA,NA,NA
"460","326121","339920","326199",NA,NA,NA,NA,NA,NA,NA,NA,NA,NA
"461","326121","326122","326220","326199","311611",NA,NA,NA,NA,NA,NA,NA,NA
"462","326192","322222","326199",NA,NA,NA,NA,NA,NA,NA,NA,NA,NA
"463","322222",NA,NA,NA,NA,NA,NA,NA,NA,NA,NA,NA,NA
"464","326113",NA,NA,NA,NA,NA,NA,NA,NA,NA,NA,NA,NA
"465","326199","326112",NA,NA,NA,NA,NA,NA,NA,NA,NA,NA,NA
"466","326191","326199",NA,NA,NA,NA,NA,NA,NA,NA,NA,NA,NA
"467","326199","322223","326160",NA,NA,NA,NA,NA,NA,NA,NA,NA,NA
"468","326199","314129",NA,NA,NA,NA,NA,NA,NA,NA,NA,NA,NA
"469","326199","337920",NA,NA,NA,NA,NA,NA,NA,NA,NA,NA,NA
"470","326199","339920","315999","316992","339999","339913","339991","326220","323118",NA,NA,NA,NA
"471","113210",NA,NA,NA,NA,NA,NA,NA,NA,NA,NA,NA,NA
"472","325212",NA,NA,NA,NA,NA,NA,NA,NA,NA,NA,NA,NA
"473","326299",NA,NA,NA,NA,NA,NA,NA,NA,NA,NA,NA,NA
"474","910000",NA,NA,NA,NA,NA,NA,NA,NA,NA,NA,NA,NA
"475","326299",NA,NA,NA,NA,NA,NA,NA,NA,NA,NA,NA,NA
"476","326211","326299",NA,NA,NA,NA,NA,NA,NA,NA,NA,NA,NA
"477","326299",NA,NA,NA,NA,NA,NA,NA,NA,NA,NA,NA,NA
"478","326299",NA,NA,NA,NA,NA,NA,NA,NA,NA,NA,NA,NA
"479","326220","336340",NA,NA,NA,NA,NA,NA,NA,NA,NA,NA,NA
"480","326220",NA,NA,NA,NA,NA,NA,NA,NA,NA,NA,NA,NA
"481","326211",NA,NA,NA,NA,NA,NA,NA,NA,NA,NA,NA,NA
"482","326212","920000","326211",NA,NA,NA,NA,NA,NA,NA,NA,NA,NA
"483","326211",NA,NA,NA,NA,NA,NA,NA,NA,NA,NA,NA,NA
"484","326299",NA,NA,NA,NA,NA,NA,NA,NA,NA,NA,NA,NA
"485","339113","315999",NA,NA,NA,NA,NA,NA,NA,NA,NA,NA,NA
"486","326299","339991",NA,NA,NA,NA,NA,NA,NA,NA,NA,NA,NA
"487","326299",NA,NA,NA,NA,NA,NA,NA,NA,NA,NA,NA,NA
"488","311611",NA,NA,NA,NA,NA,NA,NA,NA,NA,NA,NA,NA
"489","311611","316110",NA,NA,NA,NA,NA,NA,NA,NA,NA,NA,NA
"490","311611","316110",NA,NA,NA,NA,NA,NA,NA,NA,NA,NA,NA
"491","316110",NA,NA,NA,NA,NA,NA,NA,NA,NA,NA,NA,NA
"492","316110",NA,NA,NA,NA,NA,NA,NA,NA,NA,NA,NA,NA
"493","316110",NA,NA,NA,NA,NA,NA,NA,NA,NA,NA,NA,NA
"494","316110",NA,NA,NA,NA,NA,NA,NA,NA,NA,NA,NA,NA
"495","316110",NA,NA,NA,NA,NA,NA,NA,NA,NA,NA,NA,NA
"496","316110",NA,NA,NA,NA,NA,NA,NA,NA,NA,NA,NA,NA
"497","910000",NA,NA,NA,NA,NA,NA,NA,NA,NA,NA,NA,NA
"498","316110",NA,NA,NA,NA,NA,NA,NA,NA,NA,NA,NA,NA
"499","316999",NA,NA,NA,NA,NA,NA,NA,NA,NA,NA,NA,NA
"500","316991","316992","316993","339920","314999","326199",NA,NA,NA,NA,NA,NA,NA
"501","315292","339920","315992","315999",NA,NA,NA,NA,NA,NA,NA,NA,NA
"502","316999",NA,NA,NA,NA,NA,NA,NA,NA,NA,NA,NA,NA
"503","316999",NA,NA,NA,NA,NA,NA,NA,NA,NA,NA,NA,NA
"504","339999","339113","339920",NA,NA,NA,NA,NA,NA,NA,NA,NA,NA
"505","112930",NA,NA,NA,NA,NA,NA,NA,NA,NA,NA,NA,NA
"506","316110",NA,NA,NA,NA,NA,NA,NA,NA,NA,NA,NA,NA
"507","315292",NA,NA,NA,NA,NA,NA,NA,NA,NA,NA,NA,NA
"508","339999",NA,NA,NA,NA,NA,NA,NA,NA,NA,NA,NA,NA
"509","113310","321113","321999",NA,NA,NA,NA,NA,NA,NA,NA,NA,NA
"510","325191",NA,NA,NA,NA,NA,NA,NA,NA,NA,NA,NA,NA
"511","321114","113310",NA,NA,NA,NA,NA,NA,NA,NA,NA,NA,NA
"512","113310",NA,NA,NA,NA,NA,NA,NA,NA,NA,NA,NA,NA
"513","321999",NA,NA,NA,NA,NA,NA,NA,NA,NA,NA,NA,NA
"514","321113","321114",NA,NA,NA,NA,NA,NA,NA,NA,NA,NA,NA
"515","321113","321114",NA,NA,NA,NA,NA,NA,NA,NA,NA,NA,NA
"516","321212","321211",NA,NA,NA,NA,NA,NA,NA,NA,NA,NA,NA
"517","321113","321918","321999","321213",NA,NA,NA,NA,NA,NA,NA,NA,NA
"518","321219",NA,NA,NA,NA,NA,NA,NA,NA,NA,NA,NA,NA
"519","321219",NA,NA,NA,NA,NA,NA,NA,NA,NA,NA,NA,NA
"520","321211","321212",NA,NA,NA,NA,NA,NA,NA,NA,NA,NA,NA
"521","321113",NA,NA,NA,NA,NA,NA,NA,NA,NA,NA,NA,NA
"522","339999",NA,NA,NA,NA,NA,NA,NA,NA,NA,NA,NA,NA
"523","321920",NA,NA,NA,NA,NA,NA,NA,NA,NA,NA,NA,NA
"524","321920",NA,NA,NA,NA,NA,NA,NA,NA,NA,NA,NA,NA
"525","321999",NA,NA,NA,NA,NA,NA,NA,NA,NA,NA,NA,NA
"526","321911","321918","321213","321113","321214",NA,NA,NA,NA,NA,NA,NA,NA
"527","321999",NA,NA,NA,NA,NA,NA,NA,NA,NA,NA,NA,NA
"528","321999","321920",NA,NA,NA,NA,NA,NA,NA,NA,NA,NA,NA
"529","321999","321918","337920","321113","321213","339995",NA,NA,NA,NA,NA,NA,NA
"530","321999",NA,NA,NA,NA,NA,NA,NA,NA,NA,NA,NA,NA
"531","321999",NA,NA,NA,NA,NA,NA,NA,NA,NA,NA,NA,NA
"532","321999",NA,NA,NA,NA,NA,NA,NA,NA,NA,NA,NA,NA
"533","321999",NA,NA,NA,NA,NA,NA,NA,NA,NA,NA,NA,NA
"534","321999",NA,NA,NA,NA,NA,NA,NA,NA,NA,NA,NA,NA
"535","321999","339920","316991","316993","316992",NA,NA,NA,NA,NA,NA,NA,NA
"536","322110",NA,NA,NA,NA,NA,NA,NA,NA,NA,NA,NA,NA
"537","322110",NA,NA,NA,NA,NA,NA,NA,NA,NA,NA,NA,NA
"538","322110",NA,NA,NA,NA,NA,NA,NA,NA,NA,NA,NA,NA
"539","322110",NA,NA,NA,NA,NA,NA,NA,NA,NA,NA,NA,NA
"540","322110",NA,NA,NA,NA,NA,NA,NA,NA,NA,NA,NA,NA
"541","322110",NA,NA,NA,NA,NA,NA,NA,NA,NA,NA,NA,NA
"542","910000",NA,NA,NA,NA,NA,NA,NA,NA,NA,NA,NA,NA
"543","322122",NA,NA,NA,NA,NA,NA,NA,NA,NA,NA,NA,NA
"544","990000","322121","322233","322122",NA,NA,NA,NA,NA,NA,NA,NA,NA
"545","322121",NA,NA,NA,NA,NA,NA,NA,NA,NA,NA,NA,NA
"546","322121","322130",NA,NA,NA,NA,NA,NA,NA,NA,NA,NA,NA
"547","322130","322121",NA,NA,NA,NA,NA,NA,NA,NA,NA,NA,NA
"548","322121",NA,NA,NA,NA,NA,NA,NA,NA,NA,NA,NA,NA
"549","322121",NA,NA,NA,NA,NA,NA,NA,NA,NA,NA,NA,NA
"550","322211","322121",NA,NA,NA,NA,NA,NA,NA,NA,NA,NA,NA
"551","339944","322121",NA,NA,NA,NA,NA,NA,NA,NA,NA,NA,NA
"552","322121","322299","322233","322130","322222",NA,NA,NA,NA,NA,NA,NA,NA
"553","322121","322130","322222",NA,NA,NA,NA,NA,NA,NA,NA,NA,NA
"554","322121",NA,NA,NA,NA,NA,NA,NA,NA,NA,NA,NA,NA
"555","322299","322121",NA,NA,NA,NA,NA,NA,NA,NA,NA,NA,NA
"556","322222",NA,NA,NA,NA,NA,NA,NA,NA,NA,NA,NA,NA
"557","326192",NA,NA,NA,NA,NA,NA,NA,NA,NA,NA,NA,NA
"558","339944",NA,NA,NA,NA,NA,NA,NA,NA,NA,NA,NA,NA
"559","322232","322233",NA,NA,NA,NA,NA,NA,NA,NA,NA,NA,NA
"560","322291","315999",NA,NA,NA,NA,NA,NA,NA,NA,NA,NA,NA
"561","322215","322211","322212","322224","322223","323118","322299","322214","322213",NA,NA,NA,NA
"562","323118","323116",NA,NA,NA,NA,NA,NA,NA,NA,NA,NA,NA
"563","323119","322222",NA,NA,NA,NA,NA,NA,NA,NA,NA,NA,NA
"564","322214",NA,NA,NA,NA,NA,NA,NA,NA,NA,NA,NA,NA
"565","322222","322299","323119","322121","322233","322215","327999","339991",NA,NA,NA,NA,NA
"566","323117","323119",NA,NA,NA,NA,NA,NA,NA,NA,NA,NA,NA
"567","323119",NA,NA,NA,NA,NA,NA,NA,NA,NA,NA,NA,NA
"568","339932",NA,NA,NA,NA,NA,NA,NA,NA,NA,NA,NA,NA
"569","323119",NA,NA,NA,NA,NA,NA,NA,NA,NA,NA,NA,NA
"570","323119",NA,NA,NA,NA,NA,NA,NA,NA,NA,NA,NA,NA
"571","990000",NA,NA,NA,NA,NA,NA,NA,NA,NA,NA,NA,NA
"572","323119",NA,NA,NA,NA,NA,NA,NA,NA,NA,NA,NA,NA
"573","323119",NA,NA,NA,NA,NA,NA,NA,NA,NA,NA,NA,NA
"574","323119",NA,NA,NA,NA,NA,NA,NA,NA,NA,NA,NA,NA
"575","323119",NA,NA,NA,NA,NA,NA,NA,NA,NA,NA,NA,NA
"576","323119","920000","323116",NA,NA,NA,NA,NA,NA,NA,NA,NA,NA
"577","112990",NA,NA,NA,NA,NA,NA,NA,NA,NA,NA,NA,NA
"578","112990",NA,NA,NA,NA,NA,NA,NA,NA,NA,NA,NA,NA
"579","112990","313312",NA,NA,NA,NA,NA,NA,NA,NA,NA,NA,NA
"580","313111",NA,NA,NA,NA,NA,NA,NA,NA,NA,NA,NA,NA
"581","313111",NA,NA,NA,NA,NA,NA,NA,NA,NA,NA,NA,NA
"582","313111",NA,NA,NA,NA,NA,NA,NA,NA,NA,NA,NA,NA
"583","313210",NA,NA,NA,NA,NA,NA,NA,NA,NA,NA,NA,NA
"584","112410","311611","313312",NA,NA,NA,NA,NA,NA,NA,NA,NA,NA
"585","112420","112920",NA,NA,NA,NA,NA,NA,NA,NA,NA,NA,NA
"586","314999",NA,NA,NA,NA,NA,NA,NA,NA,NA,NA,NA,NA
"587","314999",NA,NA,NA,NA,NA,NA,NA,NA,NA,NA,NA,NA
"588","313312",NA,NA,NA,NA,NA,NA,NA,NA,NA,NA,NA,NA
"589","313111",NA,NA,NA,NA,NA,NA,NA,NA,NA,NA,NA,NA
"590","313111",NA,NA,NA,NA,NA,NA,NA,NA,NA,NA,NA,NA
"591","313111",NA,NA,NA,NA,NA,NA,NA,NA,NA,NA,NA,NA
"592","313111",NA,NA,NA,NA,NA,NA,NA,NA,NA,NA,NA,NA
"593","313111",NA,NA,NA,NA,NA,NA,NA,NA,NA,NA,NA,NA
"594","313210",NA,NA,NA,NA,NA,NA,NA,NA,NA,NA,NA,NA
"595","313210",NA,NA,NA,NA,NA,NA,NA,NA,NA,NA,NA,NA
"596","313210",NA,NA,NA,NA,NA,NA,NA,NA,NA,NA,NA,NA
"597","111920",NA,NA,NA,NA,NA,NA,NA,NA,NA,NA,NA,NA
"598","314999",NA,NA,NA,NA,NA,NA,NA,NA,NA,NA,NA,NA
"599","313312",NA,NA,NA,NA,NA,NA,NA,NA,NA,NA,NA,NA
"600","313113",NA,NA,NA,NA,NA,NA,NA,NA,NA,NA,NA,NA
"601","313111",NA,NA,NA,NA,NA,NA,NA,NA,NA,NA,NA,NA
"602","313111",NA,NA,NA,NA,NA,NA,NA,NA,NA,NA,NA,NA
"603","313111",NA,NA,NA,NA,NA,NA,NA,NA,NA,NA,NA,NA
"604","313210",NA,NA,NA,NA,NA,NA,NA,NA,NA,NA,NA,NA
"605","313210",NA,NA,NA,NA,NA,NA,NA,NA,NA,NA,NA,NA
"606","313210",NA,NA,NA,NA,NA,NA,NA,NA,NA,NA,NA,NA
"607","313210",NA,NA,NA,NA,NA,NA,NA,NA,NA,NA,NA,NA
"608","313210",NA,NA,NA,NA,NA,NA,NA,NA,NA,NA,NA,NA
"609","111998","314999",NA,NA,NA,NA,NA,NA,NA,NA,NA,NA,NA
"610","111998","314999",NA,NA,NA,NA,NA,NA,NA,NA,NA,NA,NA
"611","111998","314999",NA,NA,NA,NA,NA,NA,NA,NA,NA,NA,NA
"612","111998","314999",NA,NA,NA,NA,NA,NA,NA,NA,NA,NA,NA
"613","111335","314999","111998",NA,NA,NA,NA,NA,NA,NA,NA,NA,NA
"614","313111",NA,NA,NA,NA,NA,NA,NA,NA,NA,NA,NA,NA
"615","313111",NA,NA,NA,NA,NA,NA,NA,NA,NA,NA,NA,NA
"616","313111",NA,NA,NA,NA,NA,NA,NA,NA,NA,NA,NA,NA
"617","313210",NA,NA,NA,NA,NA,NA,NA,NA,NA,NA,NA,NA
"618","313210",NA,NA,NA,NA,NA,NA,NA,NA,NA,NA,NA,NA
"619","313210",NA,NA,NA,NA,NA,NA,NA,NA,NA,NA,NA,NA
"620","313113",NA,NA,NA,NA,NA,NA,NA,NA,NA,NA,NA,NA
"621","325222",NA,NA,NA,NA,NA,NA,NA,NA,NA,NA,NA,NA
"622","325221",NA,NA,NA,NA,NA,NA,NA,NA,NA,NA,NA,NA
"623","339920","325222",NA,NA,NA,NA,NA,NA,NA,NA,NA,NA,NA
"624","325221",NA,NA,NA,NA,NA,NA,NA,NA,NA,NA,NA,NA
"625","325222","325221",NA,NA,NA,NA,NA,NA,NA,NA,NA,NA,NA
"626","313210",NA,NA,NA,NA,NA,NA,NA,NA,NA,NA,NA,NA
"627","313210",NA,NA,NA,NA,NA,NA,NA,NA,NA,NA,NA,NA
"628","325222",NA,NA,NA,NA,NA,NA,NA,NA,NA,NA,NA,NA
"629","325221",NA,NA,NA,NA,NA,NA,NA,NA,NA,NA,NA,NA
"630","325222",NA,NA,NA,NA,NA,NA,NA,NA,NA,NA,NA,NA
"631","325221",NA,NA,NA,NA,NA,NA,NA,NA,NA,NA,NA,NA
"632","325222","325221",NA,NA,NA,NA,NA,NA,NA,NA,NA,NA,NA
"633","313312",NA,NA,NA,NA,NA,NA,NA,NA,NA,NA,NA,NA
"634","313312",NA,NA,NA,NA,NA,NA,NA,NA,NA,NA,NA,NA
"635","313113",NA,NA,NA,NA,NA,NA,NA,NA,NA,NA,NA,NA
"636","313111",NA,NA,NA,NA,NA,NA,NA,NA,NA,NA,NA,NA
"637","313111",NA,NA,NA,NA,NA,NA,NA,NA,NA,NA,NA,NA
"638","313111",NA,NA,NA,NA,NA,NA,NA,NA,NA,NA,NA,NA
"639","313210",NA,NA,NA,NA,NA,NA,NA,NA,NA,NA,NA,NA
"640","313210",NA,NA,NA,NA,NA,NA,NA,NA,NA,NA,NA,NA
"641","313210",NA,NA,NA,NA,NA,NA,NA,NA,NA,NA,NA,NA
"642","313210",NA,NA,NA,NA,NA,NA,NA,NA,NA,NA,NA,NA
"643","313210",NA,NA,NA,NA,NA,NA,NA,NA,NA,NA,NA,NA
"644","314999",NA,NA,NA,NA,NA,NA,NA,NA,NA,NA,NA,NA
"645","313230",NA,NA,NA,NA,NA,NA,NA,NA,NA,NA,NA,NA
"646","313230","313320",NA,NA,NA,NA,NA,NA,NA,NA,NA,NA,NA
"647","313221","314992","313320",NA,NA,NA,NA,NA,NA,NA,NA,NA,NA
"648","314999",NA,NA,NA,NA,NA,NA,NA,NA,NA,NA,NA,NA
"649","314999",NA,NA,NA,NA,NA,NA,NA,NA,NA,NA,NA,NA
"650","314991",NA,NA,NA,NA,NA,NA,NA,NA,NA,NA,NA,NA
"651","314991","314999",NA,NA,NA,NA,NA,NA,NA,NA,NA,NA,NA
"652","314991",NA,NA,NA,NA,NA,NA,NA,NA,NA,NA,NA,NA
"653","314110",NA,NA,NA,NA,NA,NA,NA,NA,NA,NA,NA,NA
"654","314110",NA,NA,NA,NA,NA,NA,NA,NA,NA,NA,NA,NA
"655","314110",NA,NA,NA,NA,NA,NA,NA,NA,NA,NA,NA,NA
"656","314110",NA,NA,NA,NA,NA,NA,NA,NA,NA,NA,NA,NA
"657","314110",NA,NA,NA,NA,NA,NA,NA,NA,NA,NA,NA,NA
"658","313210","314999",NA,NA,NA,NA,NA,NA,NA,NA,NA,NA,NA
"659","313210",NA,NA,NA,NA,NA,NA,NA,NA,NA,NA,NA,NA
"660","313210","314999",NA,NA,NA,NA,NA,NA,NA,NA,NA,NA,NA
"661","313249",NA,NA,NA,NA,NA,NA,NA,NA,NA,NA,NA,NA
"662","990000",NA,NA,NA,NA,NA,NA,NA,NA,NA,NA,NA,NA
"663","313221","315999",NA,NA,NA,NA,NA,NA,NA,NA,NA,NA,NA
"664","313221","314999",NA,NA,NA,NA,NA,NA,NA,NA,NA,NA,NA
"665","313221","315999",NA,NA,NA,NA,NA,NA,NA,NA,NA,NA,NA
"666","314999",NA,NA,NA,NA,NA,NA,NA,NA,NA,NA,NA,NA
"667","314999",NA,NA,NA,NA,NA,NA,NA,NA,NA,NA,NA,NA
"668","314999",NA,NA,NA,NA,NA,NA,NA,NA,NA,NA,NA,NA
"669","313320",NA,NA,NA,NA,NA,NA,NA,NA,NA,NA,NA,NA
"670","314992",NA,NA,NA,NA,NA,NA,NA,NA,NA,NA,NA,NA
"671","313320",NA,NA,NA,NA,NA,NA,NA,NA,NA,NA,NA,NA
"672","326192",NA,NA,NA,NA,NA,NA,NA,NA,NA,NA,NA,NA
"673","322222",NA,NA,NA,NA,NA,NA,NA,NA,NA,NA,NA,NA
"674","326299","313320",NA,NA,NA,NA,NA,NA,NA,NA,NA,NA,NA
"675","339999","313320",NA,NA,NA,NA,NA,NA,NA,NA,NA,NA,NA
"676","313221",NA,NA,NA,NA,NA,NA,NA,NA,NA,NA,NA,NA
"677","313221",NA,NA,NA,NA,NA,NA,NA,NA,NA,NA,NA,NA
"678","313221",NA,NA,NA,NA,NA,NA,NA,NA,NA,NA,NA,NA
"679","313320","313221","313210",NA,NA,NA,NA,NA,NA,NA,NA,NA,NA
"680","313249",NA,NA,NA,NA,NA,NA,NA,NA,NA,NA,NA,NA
"681","313249",NA,NA,NA,NA,NA,NA,NA,NA,NA,NA,NA,NA
"682","315228",NA,NA,NA,NA,NA,NA,NA,NA,NA,NA,NA,NA
"683","315234",NA,NA,NA,NA,NA,NA,NA,NA,NA,NA,NA,NA
"684","315222","315228","315224","315223",NA,NA,NA,NA,NA,NA,NA,NA,NA
"685","315234","315233","315239","315232",NA,NA,NA,NA,NA,NA,NA,NA,NA
"686","315223","315228",NA,NA,NA,NA,NA,NA,NA,NA,NA,NA,NA
"687","315232","315239",NA,NA,NA,NA,NA,NA,NA,NA,NA,NA,NA
"688","315221",NA,NA,NA,NA,NA,NA,NA,NA,NA,NA,NA,NA
"689","315231",NA,NA,NA,NA,NA,NA,NA,NA,NA,NA,NA,NA
"690","315221","315223","315231","315232",".",NA,NA,NA,NA,NA,NA,NA,NA
"691","315228","315239","315223","315232","315222","315234","315221",NA,NA,NA,NA,NA,NA
"692","315291",NA,NA,NA,NA,NA,NA,NA,NA,NA,NA,NA,NA
"693","315228","315239","315224",NA,NA,NA,NA,NA,NA,NA,NA,NA,NA
"694","315999","315228","315239","315222","315234","315224",NA,NA,NA,NA,NA,NA,NA
"695","315239","315223","315233","315228","315232","315224",NA,NA,NA,NA,NA,NA,NA
"696","31511X","315111","339113","315119",NA,NA,NA,NA,NA,NA,NA,NA,NA
"697","315992","339920",NA,NA,NA,NA,NA,NA,NA,NA,NA,NA,NA
"698","315999","315993",NA,NA,NA,NA,NA,NA,NA,NA,NA,NA,NA
"699","315222","315228",NA,NA,NA,NA,NA,NA,NA,NA,NA,NA,NA
"700","315234","315239",NA,NA,NA,NA,NA,NA,NA,NA,NA,NA,NA
"701","315222","315228","315224","315223",NA,NA,NA,NA,NA,NA,NA,NA,NA
"702","315234","315233","315239","315232",NA,NA,NA,NA,NA,NA,NA,NA,NA
"703","315223","315228",NA,NA,NA,NA,NA,NA,NA,NA,NA,NA,NA
"704","315232","315239",NA,NA,NA,NA,NA,NA,NA,NA,NA,NA,NA
"705","315221",NA,NA,NA,NA,NA,NA,NA,NA,NA,NA,NA,NA
"706","315231",NA,NA,NA,NA,NA,NA,NA,NA,NA,NA,NA,NA
"707","315291","314999",NA,NA,NA,NA,NA,NA,NA,NA,NA,NA,NA
"708","315999","315228","315239","315224","315234",NA,NA,NA,NA,NA,NA,NA,NA
"709","315228","315239","315223","315222","315224","315232","315233","315234",NA,NA,NA,NA,NA
"710","315231","315999",NA,NA,NA,NA,NA,NA,NA,NA,NA,NA,NA
"711","315999",NA,NA,NA,NA,NA,NA,NA,NA,NA,NA,NA,NA
"712","315999",NA,NA,NA,NA,NA,NA,NA,NA,NA,NA,NA,NA
"713","315993",NA,NA,NA,NA,NA,NA,NA,NA,NA,NA,NA,NA
"714","339920","315992",NA,NA,NA,NA,NA,NA,NA,NA,NA,NA,NA
"715","315999",NA,NA,NA,NA,NA,NA,NA,NA,NA,NA,NA,NA
"716","335211","314129",NA,NA,NA,NA,NA,NA,NA,NA,NA,NA,NA
"717","314129",NA,NA,NA,NA,NA,NA,NA,NA,NA,NA,NA,NA
"718","314121",NA,NA,NA,NA,NA,NA,NA,NA,NA,NA,NA,NA
"719","314129",NA,NA,NA,NA,NA,NA,NA,NA,NA,NA,NA,NA
"720","314911",NA,NA,NA,NA,NA,NA,NA,NA,NA,NA,NA,NA
"721","314912",NA,NA,NA,NA,NA,NA,NA,NA,NA,NA,NA,NA
"722","314129","339113","313221","314999","315999",NA,NA,NA,NA,NA,NA,NA,NA
"723","339999",NA,NA,NA,NA,NA,NA,NA,NA,NA,NA,NA,NA
"724","920000",NA,NA,NA,NA,NA,NA,NA,NA,NA,NA,NA,NA
"725","910000",NA,NA,NA,NA,NA,NA,NA,NA,NA,NA,NA,NA
"726","316211","316219",NA,NA,NA,NA,NA,NA,NA,NA,NA,NA,NA
"727","316219","316211","316213","316214","316212",NA,NA,NA,NA,NA,NA,NA,NA
"728","316219","316213","316214","316212",NA,NA,NA,NA,NA,NA,NA,NA,NA
"729","316211","316212","316213","316214","316219",NA,NA,NA,NA,NA,NA,NA,NA
"730","316213","316214","316219","316212",NA,NA,NA,NA,NA,NA,NA,NA,NA
"731","316999","326299","31511X","315111",NA,NA,NA,NA,NA,NA,NA,NA,NA
"732","315991",NA,NA,NA,NA,NA,NA,NA,NA,NA,NA,NA,NA
"733","315991",NA,NA,NA,NA,NA,NA,NA,NA,NA,NA,NA,NA
"734","315991",NA,NA,NA,NA,NA,NA,NA,NA,NA,NA,NA,NA
"735","315991",NA,NA,NA,NA,NA,NA,NA,NA,NA,NA,NA,NA
"736","339999","315991","315239",NA,NA,NA,NA,NA,NA,NA,NA,NA,NA
"737","339113","339920","326299","315292","315991",NA,NA,NA,NA,NA,NA,NA,NA
"738","315999",NA,NA,NA,NA,NA,NA,NA,NA,NA,NA,NA,NA
"739","339999",NA,NA,NA,NA,NA,NA,NA,NA,NA,NA,NA,NA
"740","339999",NA,NA,NA,NA,NA,NA,NA,NA,NA,NA,NA,NA
"741","339999",NA,NA,NA,NA,NA,NA,NA,NA,NA,NA,NA,NA
"742","339999",NA,NA,NA,NA,NA,NA,NA,NA,NA,NA,NA,NA
"743","339999",NA,NA,NA,NA,NA,NA,NA,NA,NA,NA,NA,NA
"744","339999",NA,NA,NA,NA,NA,NA,NA,NA,NA,NA,NA,NA
"745","339999",NA,NA,NA,NA,NA,NA,NA,NA,NA,NA,NA,NA
"746","327991",NA,NA,NA,NA,NA,NA,NA,NA,NA,NA,NA,NA
"747","327991",NA,NA,NA,NA,NA,NA,NA,NA,NA,NA,NA,NA
"748","327991",NA,NA,NA,NA,NA,NA,NA,NA,NA,NA,NA,NA
"749","327910",NA,NA,NA,NA,NA,NA,NA,NA,NA,NA,NA,NA
"750","327910",NA,NA,NA,NA,NA,NA,NA,NA,NA,NA,NA,NA
"751","327993","327992",NA,NA,NA,NA,NA,NA,NA,NA,NA,NA,NA
"752","324122",NA,NA,NA,NA,NA,NA,NA,NA,NA,NA,NA,NA
"753","327390",NA,NA,NA,NA,NA,NA,NA,NA,NA,NA,NA,NA
"754","327420","327999",NA,NA,NA,NA,NA,NA,NA,NA,NA,NA,NA
"755","327331","327390",NA,NA,NA,NA,NA,NA,NA,NA,NA,NA,NA
"756","327999",NA,NA,NA,NA,NA,NA,NA,NA,NA,NA,NA,NA
"757","327999","339113","339991",NA,NA,NA,NA,NA,NA,NA,NA,NA,NA
"758","336340",NA,NA,NA,NA,NA,NA,NA,NA,NA,NA,NA,NA
"759","327999",NA,NA,NA,NA,NA,NA,NA,NA,NA,NA,NA,NA
"760","335991","327999","327125",NA,NA,NA,NA,NA,NA,NA,NA,NA,NA
"761","327125",NA,NA,NA,NA,NA,NA,NA,NA,NA,NA,NA,NA
"762","327125","327124",NA,NA,NA,NA,NA,NA,NA,NA,NA,NA,NA
"763","327125","327124",NA,NA,NA,NA,NA,NA,NA,NA,NA,NA,NA
"764","327121",NA,NA,NA,NA,NA,NA,NA,NA,NA,NA,NA,NA
"765","327123",NA,NA,NA,NA,NA,NA,NA,NA,NA,NA,NA,NA
"766","327123",NA,NA,NA,NA,NA,NA,NA,NA,NA,NA,NA,NA
"767","327122",NA,NA,NA,NA,NA,NA,NA,NA,NA,NA,NA,NA
"768","327122",NA,NA,NA,NA,NA,NA,NA,NA,NA,NA,NA,NA
"769","327112","327113",NA,NA,NA,NA,NA,NA,NA,NA,NA,NA,NA
"770","327111",NA,NA,NA,NA,NA,NA,NA,NA,NA,NA,NA,NA
"771","327112","327111",NA,NA,NA,NA,NA,NA,NA,NA,NA,NA,NA
"772","327112",NA,NA,NA,NA,NA,NA,NA,NA,NA,NA,NA,NA
"773","327112",NA,NA,NA,NA,NA,NA,NA,NA,NA,NA,NA,NA
"774","327112",NA,NA,NA,NA,NA,NA,NA,NA,NA,NA,NA,NA
"775","327212",NA,NA,NA,NA,NA,NA,NA,NA,NA,NA,NA,NA
"776","327212",NA,NA,NA,NA,NA,NA,NA,NA,NA,NA,NA,NA
"777","327211","327215",NA,NA,NA,NA,NA,NA,NA,NA,NA,NA,NA
"778","327211",NA,NA,NA,NA,NA,NA,NA,NA,NA,NA,NA,NA
"779","327211","327215",NA,NA,NA,NA,NA,NA,NA,NA,NA,NA,NA
"780","327215",NA,NA,NA,NA,NA,NA,NA,NA,NA,NA,NA,NA
"781","327215","327211",NA,NA,NA,NA,NA,NA,NA,NA,NA,NA,NA
"782","327215",NA,NA,NA,NA,NA,NA,NA,NA,NA,NA,NA,NA
"783","327215",NA,NA,NA,NA,NA,NA,NA,NA,NA,NA,NA,NA
"784","327213",NA,NA,NA,NA,NA,NA,NA,NA,NA,NA,NA,NA
"785","327212",NA,NA,NA,NA,NA,NA,NA,NA,NA,NA,NA,NA
"786","327212",NA,NA,NA,NA,NA,NA,NA,NA,NA,NA,NA,NA
"787","327212",NA,NA,NA,NA,NA,NA,NA,NA,NA,NA,NA,NA
"788","327212",NA,NA,NA,NA,NA,NA,NA,NA,NA,NA,NA,NA
"789","327212","327215",NA,NA,NA,NA,NA,NA,NA,NA,NA,NA,NA
"790","327215",NA,NA,NA,NA,NA,NA,NA,NA,NA,NA,NA,NA
"791","327212",NA,NA,NA,NA,NA,NA,NA,NA,NA,NA,NA,NA
"792","339914","327215","339932",NA,NA,NA,NA,NA,NA,NA,NA,NA,NA
"793","327212","327993","333411","314992",NA,NA,NA,NA,NA,NA,NA,NA,NA
"794","327212",NA,NA,NA,NA,NA,NA,NA,NA,NA,NA,NA,NA
"795","339913","114119",NA,NA,NA,NA,NA,NA,NA,NA,NA,NA,NA
"796","339913",NA,NA,NA,NA,NA,NA,NA,NA,NA,NA,NA,NA
"797","339913",NA,NA,NA,NA,NA,NA,NA,NA,NA,NA,NA,NA
"798","339913",NA,NA,NA,NA,NA,NA,NA,NA,NA,NA,NA,NA
"799","327910",NA,NA,NA,NA,NA,NA,NA,NA,NA,NA,NA,NA
"800","331492","331419","331491",NA,NA,NA,NA,NA,NA,NA,NA,NA,NA
"801","331491",NA,NA,NA,NA,NA,NA,NA,NA,NA,NA,NA,NA
"802","331492","331419","332999","331491",NA,NA,NA,NA,NA,NA,NA,NA,NA
"803","331491",NA,NA,NA,NA,NA,NA,NA,NA,NA,NA,NA,NA
"804","331419","331491",NA,NA,NA,NA,NA,NA,NA,NA,NA,NA,NA
"805","331491",NA,NA,NA,NA,NA,NA,NA,NA,NA,NA,NA,NA
"806","910000",NA,NA,NA,NA,NA,NA,NA,NA,NA,NA,NA,NA
"807","339911",NA,NA,NA,NA,NA,NA,NA,NA,NA,NA,NA,NA
"808","339912","339911",NA,NA,NA,NA,NA,NA,NA,NA,NA,NA,NA
"809","332618","331491",NA,NA,NA,NA,NA,NA,NA,NA,NA,NA,NA
"810","339911",NA,NA,NA,NA,NA,NA,NA,NA,NA,NA,NA,NA
"811","339914",NA,NA,NA,NA,NA,NA,NA,NA,NA,NA,NA,NA
"812","332999","339911",NA,NA,NA,NA,NA,NA,NA,NA,NA,NA,NA
"813","331111",NA,NA,NA,NA,NA,NA,NA,NA,NA,NA,NA,NA
"814","331112",NA,NA,NA,NA,NA,NA,NA,NA,NA,NA,NA,NA
"815","331112",NA,NA,NA,NA,NA,NA,NA,NA,NA,NA,NA,NA
"816","910000",NA,NA,NA,NA,NA,NA,NA,NA,NA,NA,NA,NA
"817","327910","331221","331111",NA,NA,NA,NA,NA,NA,NA,NA,NA,NA
"818","331111",NA,NA,NA,NA,NA,NA,NA,NA,NA,NA,NA,NA
"819","331111",NA,NA,NA,NA,NA,NA,NA,NA,NA,NA,NA,NA
"820","331111",NA,NA,NA,NA,NA,NA,NA,NA,NA,NA,NA,NA
"821","331111",NA,NA,NA,NA,NA,NA,NA,NA,NA,NA,NA,NA
"822","331111",NA,NA,NA,NA,NA,NA,NA,NA,NA,NA,NA,NA
"823","331111",NA,NA,NA,NA,NA,NA,NA,NA,NA,NA,NA,NA
"824","331111",NA,NA,NA,NA,NA,NA,NA,NA,NA,NA,NA,NA
"825","331111",NA,NA,NA,NA,NA,NA,NA,NA,NA,NA,NA,NA
"826","331111",NA,NA,NA,NA,NA,NA,NA,NA,NA,NA,NA,NA
"827","331111",NA,NA,NA,NA,NA,NA,NA,NA,NA,NA,NA,NA
"828","331111",NA,NA,NA,NA,NA,NA,NA,NA,NA,NA,NA,NA
"829","331222",NA,NA,NA,NA,NA,NA,NA,NA,NA,NA,NA,NA
"830","331111",NA,NA,NA,NA,NA,NA,NA,NA,NA,NA,NA,NA
"831","331111",NA,NA,NA,NA,NA,NA,NA,NA,NA,NA,NA,NA
"832","331111",NA,NA,NA,NA,NA,NA,NA,NA,NA,NA,NA,NA
"833","331111",NA,NA,NA,NA,NA,NA,NA,NA,NA,NA,NA,NA
"834","331111",NA,NA,NA,NA,NA,NA,NA,NA,NA,NA,NA,NA
"835","331222",NA,NA,NA,NA,NA,NA,NA,NA,NA,NA,NA,NA
"836","331111",NA,NA,NA,NA,NA,NA,NA,NA,NA,NA,NA,NA
"837","331111",NA,NA,NA,NA,NA,NA,NA,NA,NA,NA,NA,NA
"838","331111",NA,NA,NA,NA,NA,NA,NA,NA,NA,NA,NA,NA
"839","331111",NA,NA,NA,NA,NA,NA,NA,NA,NA,NA,NA,NA
"840","331111",NA,NA,NA,NA,NA,NA,NA,NA,NA,NA,NA,NA
"841","331222",NA,NA,NA,NA,NA,NA,NA,NA,NA,NA,NA,NA
"842","331111",NA,NA,NA,NA,NA,NA,NA,NA,NA,NA,NA,NA
"843","331111","331511","332999",NA,NA,NA,NA,NA,NA,NA,NA,NA,NA
"844","331511",NA,NA,NA,NA,NA,NA,NA,NA,NA,NA,NA,NA
"845","331111",NA,NA,NA,NA,NA,NA,NA,NA,NA,NA,NA,NA
"846","331111","335129",NA,NA,NA,NA,NA,NA,NA,NA,NA,NA,NA
"847","331111","335129",NA,NA,NA,NA,NA,NA,NA,NA,NA,NA,NA
"848","331511","332919",NA,NA,NA,NA,NA,NA,NA,NA,NA,NA,NA
"849","332312","332321","332323","332322",NA,NA,NA,NA,NA,NA,NA,NA,NA
"850","332420",NA,NA,NA,NA,NA,NA,NA,NA,NA,NA,NA,NA
"851","332439",NA,NA,NA,NA,NA,NA,NA,NA,NA,NA,NA,NA
"852","332420",NA,NA,NA,NA,NA,NA,NA,NA,NA,NA,NA,NA
"853","332618","314992","331319",NA,NA,NA,NA,NA,NA,NA,NA,NA,NA
"854","332618",NA,NA,NA,NA,NA,NA,NA,NA,NA,NA,NA,NA
"855","332618","332312",NA,NA,NA,NA,NA,NA,NA,NA,NA,NA,NA
"856","333613","332618",NA,NA,NA,NA,NA,NA,NA,NA,NA,NA,NA
"857","332999",NA,NA,NA,NA,NA,NA,NA,NA,NA,NA,NA,NA
"858","331222",NA,NA,NA,NA,NA,NA,NA,NA,NA,NA,NA,NA
"859","332722",NA,NA,NA,NA,NA,NA,NA,NA,NA,NA,NA,NA
"860","339993",NA,NA,NA,NA,NA,NA,NA,NA,NA,NA,NA,NA
"861","332611","334518",NA,NA,NA,NA,NA,NA,NA,NA,NA,NA,NA
"862","335221","333414",NA,NA,NA,NA,NA,NA,NA,NA,NA,NA,NA
"863","333414","333415",NA,NA,NA,NA,NA,NA,NA,NA,NA,NA,NA
"864","332999","339912","339911",NA,NA,NA,NA,NA,NA,NA,NA,NA,NA
"865","332998",NA,NA,NA,NA,NA,NA,NA,NA,NA,NA,NA,NA
"866","331511",NA,NA,NA,NA,NA,NA,NA,NA,NA,NA,NA,NA
"867","332999","332618","316993","339912","339911","334417","339994","339995",NA,NA,NA,NA,NA
"868","331411",NA,NA,NA,NA,NA,NA,NA,NA,NA,NA,NA,NA
"869","331411",NA,NA,NA,NA,NA,NA,NA,NA,NA,NA,NA,NA
"870","331411",NA,NA,NA,NA,NA,NA,NA,NA,NA,NA,NA,NA
"871","910000",NA,NA,NA,NA,NA,NA,NA,NA,NA,NA,NA,NA
"872","331411",NA,NA,NA,NA,NA,NA,NA,NA,NA,NA,NA,NA
"873","331411",NA,NA,NA,NA,NA,NA,NA,NA,NA,NA,NA,NA
"874","331421",NA,NA,NA,NA,NA,NA,NA,NA,NA,NA,NA,NA
"875","331422",NA,NA,NA,NA,NA,NA,NA,NA,NA,NA,NA,NA
"876","331421",NA,NA,NA,NA,NA,NA,NA,NA,NA,NA,NA,NA
"877","332999","334419",NA,NA,NA,NA,NA,NA,NA,NA,NA,NA,NA
"878","331421",NA,NA,NA,NA,NA,NA,NA,NA,NA,NA,NA,NA
"879","332919",NA,NA,NA,NA,NA,NA,NA,NA,NA,NA,NA,NA
"880","331422",NA,NA,NA,NA,NA,NA,NA,NA,NA,NA,NA,NA
"881","332618",NA,NA,NA,NA,NA,NA,NA,NA,NA,NA,NA,NA
"882","332618","332722",NA,NA,NA,NA,NA,NA,NA,NA,NA,NA,NA
"883","332611",NA,NA,NA,NA,NA,NA,NA,NA,NA,NA,NA,NA
"884","335221",NA,NA,NA,NA,NA,NA,NA,NA,NA,NA,NA,NA
"885","332999","332998","339912",NA,NA,NA,NA,NA,NA,NA,NA,NA,NA
"886","332618","332913","332999","316993","332611","339912","339911",NA,NA,NA,NA,NA,NA
"887","331419",NA,NA,NA,NA,NA,NA,NA,NA,NA,NA,NA,NA
"888","331419",NA,NA,NA,NA,NA,NA,NA,NA,NA,NA,NA,NA
"889","910000",NA,NA,NA,NA,NA,NA,NA,NA,NA,NA,NA,NA
"890","331492",NA,NA,NA,NA,NA,NA,NA,NA,NA,NA,NA,NA
"891","331491",NA,NA,NA,NA,NA,NA,NA,NA,NA,NA,NA,NA
"892","331491","332999",NA,NA,NA,NA,NA,NA,NA,NA,NA,NA,NA
"893","331491","332919",NA,NA,NA,NA,NA,NA,NA,NA,NA,NA,NA
"894","332999","331491",NA,NA,NA,NA,NA,NA,NA,NA,NA,NA,NA
"895","331312",NA,NA,NA,NA,NA,NA,NA,NA,NA,NA,NA,NA
"896","910000",NA,NA,NA,NA,NA,NA,NA,NA,NA,NA,NA,NA
"897","331314",NA,NA,NA,NA,NA,NA,NA,NA,NA,NA,NA,NA
"898","331316",NA,NA,NA,NA,NA,NA,NA,NA,NA,NA,NA,NA
"899","331319",NA,NA,NA,NA,NA,NA,NA,NA,NA,NA,NA,NA
"900","331315",NA,NA,NA,NA,NA,NA,NA,NA,NA,NA,NA,NA
"901","331315","332999",NA,NA,NA,NA,NA,NA,NA,NA,NA,NA,NA
"902","331316",NA,NA,NA,NA,NA,NA,NA,NA,NA,NA,NA,NA
"903","332919",NA,NA,NA,NA,NA,NA,NA,NA,NA,NA,NA,NA
"904","332321","332322","332312","321991",NA,NA,NA,NA,NA,NA,NA,NA,NA
"905","332420",NA,NA,NA,NA,NA,NA,NA,NA,NA,NA,NA,NA
"906","332999","332431","332439",NA,NA,NA,NA,NA,NA,NA,NA,NA,NA
"907","332420",NA,NA,NA,NA,NA,NA,NA,NA,NA,NA,NA,NA
"908","331319",NA,NA,NA,NA,NA,NA,NA,NA,NA,NA,NA,NA
"909","332999","332214","332998",NA,NA,NA,NA,NA,NA,NA,NA,NA,NA
"910","332618","332722","332999","337920","331319",NA,NA,NA,NA,NA,NA,NA,NA
"911","331419",NA,NA,NA,NA,NA,NA,NA,NA,NA,NA,NA,NA
"912","910000",NA,NA,NA,NA,NA,NA,NA,NA,NA,NA,NA,NA
"913","331491",NA,NA,NA,NA,NA,NA,NA,NA,NA,NA,NA,NA
"914","331491","331492",NA,NA,NA,NA,NA,NA,NA,NA,NA,NA,NA
"915","331491",NA,NA,NA,NA,NA,NA,NA,NA,NA,NA,NA,NA
"916","332999","331491",NA,NA,NA,NA,NA,NA,NA,NA,NA,NA,NA
"917","331419",NA,NA,NA,NA,NA,NA,NA,NA,NA,NA,NA,NA
"918","910000",NA,NA,NA,NA,NA,NA,NA,NA,NA,NA,NA,NA
"919","331419","331492",NA,NA,NA,NA,NA,NA,NA,NA,NA,NA,NA
"920","331491",NA,NA,NA,NA,NA,NA,NA,NA,NA,NA,NA,NA
"921","331491",NA,NA,NA,NA,NA,NA,NA,NA,NA,NA,NA,NA
"922","331491",NA,NA,NA,NA,NA,NA,NA,NA,NA,NA,NA,NA
"923","332999",NA,NA,NA,NA,NA,NA,NA,NA,NA,NA,NA,NA
"924","331419",NA,NA,NA,NA,NA,NA,NA,NA,NA,NA,NA,NA
"925","910000",NA,NA,NA,NA,NA,NA,NA,NA,NA,NA,NA,NA
"926","331491",NA,NA,NA,NA,NA,NA,NA,NA,NA,NA,NA,NA
"927","331491",NA,NA,NA,NA,NA,NA,NA,NA,NA,NA,NA,NA
"928","332999","331492",NA,NA,NA,NA,NA,NA,NA,NA,NA,NA,NA
"929","331491",NA,NA,NA,NA,NA,NA,NA,NA,NA,NA,NA,NA
"930","332999","331491","331492",NA,NA,NA,NA,NA,NA,NA,NA,NA,NA
"931","331492","331419","331491","910000",NA,NA,NA,NA,NA,NA,NA,NA,NA
"932","331492","331419","331491","910000",NA,NA,NA,NA,NA,NA,NA,NA,NA
"933","910000","331492","331419","331491",NA,NA,NA,NA,NA,NA,NA,NA,NA
"934","331419","910000","331492","331491",NA,NA,NA,NA,NA,NA,NA,NA,NA
"935","331491","331419",NA,NA,NA,NA,NA,NA,NA,NA,NA,NA,NA
"936","331491",NA,NA,NA,NA,NA,NA,NA,NA,NA,NA,NA,NA
"937","331419","331491",NA,NA,NA,NA,NA,NA,NA,NA,NA,NA,NA
"938","910000","331419","331491","331492",NA,NA,NA,NA,NA,NA,NA,NA,NA
"939","331419","331491","910000",NA,NA,NA,NA,NA,NA,NA,NA,NA,NA
"940","331419",NA,NA,NA,NA,NA,NA,NA,NA,NA,NA,NA,NA
"941","331419","910000","331491",NA,NA,NA,NA,NA,NA,NA,NA,NA,NA
"942","910000","331419","331491",NA,NA,NA,NA,NA,NA,NA,NA,NA,NA
"943","332999",NA,NA,NA,NA,NA,NA,NA,NA,NA,NA,NA,NA
"944","332212","332211",NA,NA,NA,NA,NA,NA,NA,NA,NA,NA,NA
"945","332213",NA,NA,NA,NA,NA,NA,NA,NA,NA,NA,NA,NA
"946","332212","332211",NA,NA,NA,NA,NA,NA,NA,NA,NA,NA,NA
"947","332212",NA,NA,NA,NA,NA,NA,NA,NA,NA,NA,NA,NA
"948","332212","333991","332211",NA,NA,NA,NA,NA,NA,NA,NA,NA,NA
"949","332212",NA,NA,NA,NA,NA,NA,NA,NA,NA,NA,NA,NA
"950","333131","333514","332212","333515",NA,NA,NA,NA,NA,NA,NA,NA,NA
"951","333515","332212",NA,NA,NA,NA,NA,NA,NA,NA,NA,NA,NA
"952","333515",NA,NA,NA,NA,NA,NA,NA,NA,NA,NA,NA,NA
"953","332212",NA,NA,NA,NA,NA,NA,NA,NA,NA,NA,NA,NA
"954","332211","339912",NA,NA,NA,NA,NA,NA,NA,NA,NA,NA,NA
"955","332211",NA,NA,NA,NA,NA,NA,NA,NA,NA,NA,NA,NA
"956","332211",NA,NA,NA,NA,NA,NA,NA,NA,NA,NA,NA,NA
"957","332211",NA,NA,NA,NA,NA,NA,NA,NA,NA,NA,NA,NA
"958","339912","332211",NA,NA,NA,NA,NA,NA,NA,NA,NA,NA,NA
"959","332510",NA,NA,NA,NA,NA,NA,NA,NA,NA,NA,NA,NA
"960","332510","337920","337127",NA,NA,NA,NA,NA,NA,NA,NA,NA,NA
"961","332999",NA,NA,NA,NA,NA,NA,NA,NA,NA,NA,NA,NA
"962","337214",NA,NA,NA,NA,NA,NA,NA,NA,NA,NA,NA,NA
"963","323118","331222","332618",NA,NA,NA,NA,NA,NA,NA,NA,NA,NA
"964","332999","339912","339911",NA,NA,NA,NA,NA,NA,NA,NA,NA,NA
"965","332999",NA,NA,NA,NA,NA,NA,NA,NA,NA,NA,NA,NA
"966","339993","339999",NA,NA,NA,NA,NA,NA,NA,NA,NA,NA,NA
"967","332115",NA,NA,NA,NA,NA,NA,NA,NA,NA,NA,NA,NA
"968","339950",NA,NA,NA,NA,NA,NA,NA,NA,NA,NA,NA,NA
"969","333992",NA,NA,NA,NA,NA,NA,NA,NA,NA,NA,NA,NA
"970","332410","333999",NA,NA,NA,NA,NA,NA,NA,NA,NA,NA,NA
"971","332410",NA,NA,NA,NA,NA,NA,NA,NA,NA,NA,NA,NA
"972","333414",NA,NA,NA,NA,NA,NA,NA,NA,NA,NA,NA,NA
"973","332410",NA,NA,NA,NA,NA,NA,NA,NA,NA,NA,NA,NA
"974","333999",NA,NA,NA,NA,NA,NA,NA,NA,NA,NA,NA,NA
"975","333611",NA,NA,NA,NA,NA,NA,NA,NA,NA,NA,NA,NA
"976","336412","920000","333618","33631X",NA,NA,NA,NA,NA,NA,NA,NA,NA
"977","333618",NA,NA,NA,NA,NA,NA,NA,NA,NA,NA,NA,NA
"978","336412","33631X","333618",NA,NA,NA,NA,NA,NA,NA,NA,NA,NA
"979","333611",NA,NA,NA,NA,NA,NA,NA,NA,NA,NA,NA,NA
"980","336412","333611",NA,NA,NA,NA,NA,NA,NA,NA,NA,NA,NA
"981","336415","336412","333995","333911","333996","333999","333111",NA,NA,NA,NA,NA,NA
"982","333913","333911","333618","33631X","333120","333996",NA,NA,NA,NA,NA,NA,NA
"983","333912","333415","336391","335211","333618","33631X","336311","333412","339992",NA,NA,NA,NA
"984","333415","336391",NA,NA,NA,NA,NA,NA,NA,NA,NA,NA,NA
"985","333414",NA,NA,NA,NA,NA,NA,NA,NA,NA,NA,NA,NA
"986","333994","333294",NA,NA,NA,NA,NA,NA,NA,NA,NA,NA,NA
"987","335222","333415",NA,NA,NA,NA,NA,NA,NA,NA,NA,NA,NA
"988","335228","333414","339113","333111","333999","333291","333294","332410","333319","333220","333991",".",NA
"989","333292","333291","333220","333999",NA,NA,NA,NA,NA,NA,NA,NA,NA
"990","333111","335224","333999","336399","333415","333411",NA,NA,NA,NA,NA,NA,NA
"991","335228","333993",NA,NA,NA,NA,NA,NA,NA,NA,NA,NA,NA
"992","333997",NA,NA,NA,NA,NA,NA,NA,NA,NA,NA,NA,NA
"993","339999","333912","333298","333111","333999","333295",NA,NA,NA,NA,NA,NA,NA
"994","333923","333921","333999",NA,NA,NA,NA,NA,NA,NA,NA,NA,NA
"995","333923","333924","333120",NA,NA,NA,NA,NA,NA,NA,NA,NA,NA
"996","333924",NA,NA,NA,NA,NA,NA,NA,NA,NA,NA,NA,NA
"997","333921","333922","333131","333120","333999","333132","333994",NA,NA,NA,NA,NA,NA
"998","333120","920000",NA,NA,NA,NA,NA,NA,NA,NA,NA,NA,NA
"999","333120","333111","333131","333132",NA,NA,NA,NA,NA,NA,NA,NA,NA
"1000","333923","333120","333924","333921","333922","333132","333131",NA,NA,NA,NA,NA,NA
"1001","333111",NA,NA,NA,NA,NA,NA,NA,NA,NA,NA,NA,NA
"1002","333111",NA,NA,NA,NA,NA,NA,NA,NA,NA,NA,NA,NA
"1003","333111","333294",NA,NA,NA,NA,NA,NA,NA,NA,NA,NA,NA
"1004","333294",NA,NA,NA,NA,NA,NA,NA,NA,NA,NA,NA,NA
"1005","333111","333120",NA,NA,NA,NA,NA,NA,NA,NA,NA,NA,NA
"1006","333294",NA,NA,NA,NA,NA,NA,NA,NA,NA,NA,NA,NA
"1007","333294",NA,NA,NA,NA,NA,NA,NA,NA,NA,NA,NA,NA
"1008","333291",NA,NA,NA,NA,NA,NA,NA,NA,NA,NA,NA,NA
"1009","333293",NA,NA,NA,NA,NA,NA,NA,NA,NA,NA,NA,NA
"1010","333291",NA,NA,NA,NA,NA,NA,NA,NA,NA,NA,NA,NA
"1011","333293","323122",NA,NA,NA,NA,NA,NA,NA,NA,NA,NA,NA
"1012","333293","333313","333292",NA,NA,NA,NA,NA,NA,NA,NA,NA,NA
"1013","333292",NA,NA,NA,NA,NA,NA,NA,NA,NA,NA,NA,NA
"1014","333292","333111",NA,NA,NA,NA,NA,NA,NA,NA,NA,NA,NA
"1015","333292",NA,NA,NA,NA,NA,NA,NA,NA,NA,NA,NA,NA
"1016","333292",NA,NA,NA,NA,NA,NA,NA,NA,NA,NA,NA,NA
"1017","333292","333111","339993",NA,NA,NA,NA,NA,NA,NA,NA,NA,NA
"1018","333292",NA,NA,NA,NA,NA,NA,NA,NA,NA,NA,NA,NA
"1019","335224",NA,NA,NA,NA,NA,NA,NA,NA,NA,NA,NA,NA
"1020","335224","333292",NA,NA,NA,NA,NA,NA,NA,NA,NA,NA,NA
"1021","333999","339993","337129",NA,NA,NA,NA,NA,NA,NA,NA,NA,NA
"1022","333999",NA,NA,NA,NA,NA,NA,NA,NA,NA,NA,NA,NA
"1023","333298","331511","333513",NA,NA,NA,NA,NA,NA,NA,NA,NA,NA
"1024","333516","331511",NA,NA,NA,NA,NA,NA,NA,NA,NA,NA,NA
"1025","333512","333295","333999","335999",NA,NA,NA,NA,NA,NA,NA,NA,NA
"1026","333512",NA,NA,NA,NA,NA,NA,NA,NA,NA,NA,NA,NA
"1027","333512",NA,NA,NA,NA,NA,NA,NA,NA,NA,NA,NA,NA
"1028","333512",NA,NA,NA,NA,NA,NA,NA,NA,NA,NA,NA,NA
"1029","333512",NA,NA,NA,NA,NA,NA,NA,NA,NA,NA,NA,NA
"1030","333512",NA,NA,NA,NA,NA,NA,NA,NA,NA,NA,NA,NA
"1031","333513","333295",NA,NA,NA,NA,NA,NA,NA,NA,NA,NA,NA
"1032","333513",NA,NA,NA,NA,NA,NA,NA,NA,NA,NA,NA,NA
"1033","333999","333295",NA,NA,NA,NA,NA,NA,NA,NA,NA,NA,NA
"1034","333210","333999","333295",NA,NA,NA,NA,NA,NA,NA,NA,NA,NA
"1035","333515","333514","333999","333210","333512","333513","333295",NA,NA,NA,NA,NA,NA
"1036","333991","333131","333913","333120","333111",NA,NA,NA,NA,NA,NA,NA,NA
"1037","333992",NA,NA,NA,NA,NA,NA,NA,NA,NA,NA,NA,NA
"1038","333313",NA,NA,NA,NA,NA,NA,NA,NA,NA,NA,NA,NA
"1039","333313","334119",NA,NA,NA,NA,NA,NA,NA,NA,NA,NA,NA
"1040","334111","334119",NA,NA,NA,NA,NA,NA,NA,NA,NA,NA,NA
"1041","333313","334119","339942",NA,NA,NA,NA,NA,NA,NA,NA,NA,NA
"1042","333313","334119","334418",NA,NA,NA,NA,NA,NA,NA,NA,NA,NA
"1043","333120","333131","333999","333298",NA,NA,NA,NA,NA,NA,NA,NA,NA
"1044","333999",NA,NA,NA,NA,NA,NA,NA,NA,NA,NA,NA,NA
"1045","333311",NA,NA,NA,NA,NA,NA,NA,NA,NA,NA,NA,NA
"1046","333220","333295",NA,NA,NA,NA,NA,NA,NA,NA,NA,NA,NA
"1047","333999",NA,NA,NA,NA,NA,NA,NA,NA,NA,NA,NA,NA
"1048","333120","333294","333210","333513","333999","333415","335228","333319","333295",".","333132","333995","335999"
"1049","333511","332997","333295",NA,NA,NA,NA,NA,NA,NA,NA,NA,NA
"1050","332911","332912","332913",NA,NA,NA,NA,NA,NA,NA,NA,NA,NA
"1051","332991",NA,NA,NA,NA,NA,NA,NA,NA,NA,NA,NA,NA
"1052","33631X","333618","333613","332991","333612","336399","332510",NA,NA,NA,NA,NA,NA
"1053","339991",NA,NA,NA,NA,NA,NA,NA,NA,NA,NA,NA,NA
"1054","333999","339991",NA,NA,NA,NA,NA,NA,NA,NA,NA,NA,NA
"1055","335312","333612",NA,NA,NA,NA,NA,NA,NA,NA,NA,NA,NA
"1056","335312","333611",NA,NA,NA,NA,NA,NA,NA,NA,NA,NA,NA
"1057","335312",NA,NA,NA,NA,NA,NA,NA,NA,NA,NA,NA,NA
"1058","335311","334416","334419","327113","334418","334413",NA,NA,NA,NA,NA,NA,NA
"1059","332999","327113","335314","335999",NA,NA,NA,NA,NA,NA,NA,NA,NA
"1060","335912",NA,NA,NA,NA,NA,NA,NA,NA,NA,NA,NA,NA
"1061","335911",NA,NA,NA,NA,NA,NA,NA,NA,NA,NA,NA,NA
"1062","333991","333111","335211",NA,NA,NA,NA,NA,NA,NA,NA,NA,NA
"1063","335212","335228","335211",NA,NA,NA,NA,NA,NA,NA,NA,NA,NA
"1064","335211",NA,NA,NA,NA,NA,NA,NA,NA,NA,NA,NA,NA
"1065","336322",NA,NA,NA,NA,NA,NA,NA,NA,NA,NA,NA,NA
"1066","336321","335999","334511","336322","336399",NA,NA,NA,NA,NA,NA,NA,NA
"1067","335129",NA,NA,NA,NA,NA,NA,NA,NA,NA,NA,NA,NA
"1068","333994","333319","333991",NA,NA,NA,NA,NA,NA,NA,NA,NA,NA
"1069","332212","333992","335999","333295",NA,NA,NA,NA,NA,NA,NA,NA,NA
"1070","335228","335211","335221","335999","334418",NA,NA,NA,NA,NA,NA,NA,NA
"1071","334210","334418",NA,NA,NA,NA,NA,NA,NA,NA,NA,NA,NA
"1072","334310","334210","334418",NA,NA,NA,NA,NA,NA,NA,NA,NA,NA
"1073","334310","333313",NA,NA,NA,NA,NA,NA,NA,NA,NA,NA,NA
"1074","333313","334210","334310",NA,NA,NA,NA,NA,NA,NA,NA,NA,NA
"1075","334310",NA,NA,NA,NA,NA,NA,NA,NA,NA,NA,NA,NA
"1076","334419","334418","333313","334210",NA,NA,NA,NA,NA,NA,NA,NA,NA
"1077","334613",NA,NA,NA,NA,NA,NA,NA,NA,NA,NA,NA,NA
"1078","334612","334613","990000",NA,NA,NA,NA,NA,NA,NA,NA,NA,NA
"1079","334220",NA,NA,NA,NA,NA,NA,NA,NA,NA,NA,NA,NA
"1080","334511",NA,NA,NA,NA,NA,NA,NA,NA,NA,NA,NA,NA
"1081","334310","334220","334290",NA,NA,NA,NA,NA,NA,NA,NA,NA,NA
"1082","334310",NA,NA,NA,NA,NA,NA,NA,NA,NA,NA,NA,NA
"1083","334220","334310","334416","334511","334419","334418",".",NA,NA,NA,NA,NA,NA
"1084","334290",NA,NA,NA,NA,NA,NA,NA,NA,NA,NA,NA,NA
"1085","334290","334419",".","335999","334220","334511","334418",NA,NA,NA,NA,NA,NA
"1086","335999","334414",NA,NA,NA,NA,NA,NA,NA,NA,NA,NA,NA
"1087","334415","335931","335314",NA,NA,NA,NA,NA,NA,NA,NA,NA,NA
"1088","334412",NA,NA,NA,NA,NA,NA,NA,NA,NA,NA,NA,NA
"1089","335313","334417","335314",NA,NA,NA,NA,NA,NA,NA,NA,NA,NA
"1090","335313","334417","336321","335314","335931","335932",NA,NA,NA,NA,NA,NA,NA
"1091","335313","335314",NA,NA,NA,NA,NA,NA,NA,NA,NA,NA,NA
"1092","335313","335931","334417","335314","334418",NA,NA,NA,NA,NA,NA,NA,NA
"1093","335110",NA,NA,NA,NA,NA,NA,NA,NA,NA,NA,NA,NA
"1094","334411",NA,NA,NA,NA,NA,NA,NA,NA,NA,NA,NA,NA
"1095","334413","334419",NA,NA,NA,NA,NA,NA,NA,NA,NA,NA,NA
"1096","334413","334418",NA,NA,NA,NA,NA,NA,NA,NA,NA,NA,NA
"1097","335999","333295","334515","333999","334418","334511",NA,NA,NA,NA,NA,NA,NA
"1098","331491","331422","331319","335929","336322","335921",NA,NA,NA,NA,NA,NA,NA
"1099","335991",NA,NA,NA,NA,NA,NA,NA,NA,NA,NA,NA,NA
"1100","327212","327113","326199",NA,NA,NA,NA,NA,NA,NA,NA,NA,NA
"1101","327113","326199","327212","335932",NA,NA,NA,NA,NA,NA,NA,NA,NA
"1102","335999",NA,NA,NA,NA,NA,NA,NA,NA,NA,NA,NA,NA
"1103","336510",NA,NA,NA,NA,NA,NA,NA,NA,NA,NA,NA,NA
"1104","336510",NA,NA,NA,NA,NA,NA,NA,NA,NA,NA,NA,NA
"1105","336510",NA,NA,NA,NA,NA,NA,NA,NA,NA,NA,NA,NA
"1106","336510",NA,NA,NA,NA,NA,NA,NA,NA,NA,NA,NA,NA
"1107","336510",NA,NA,NA,NA,NA,NA,NA,NA,NA,NA,NA,NA
"1108","336510",NA,NA,NA,NA,NA,NA,NA,NA,NA,NA,NA,NA
"1109","336510","331511",NA,NA,NA,NA,NA,NA,NA,NA,NA,NA,NA
"1110","334290",NA,NA,NA,NA,NA,NA,NA,NA,NA,NA,NA,NA
"1111","332420",NA,NA,NA,NA,NA,NA,NA,NA,NA,NA,NA,NA
"1112","333111","336120","333120","920000",NA,NA,NA,NA,NA,NA,NA,NA,NA
"1113","336120",NA,NA,NA,NA,NA,NA,NA,NA,NA,NA,NA,NA
"1114","336214","336111","336213",NA,NA,NA,NA,NA,NA,NA,NA,NA,NA
"1115","333120","336120",NA,NA,NA,NA,NA,NA,NA,NA,NA,NA,NA
"1116","333120","333132","336120",NA,NA,NA,NA,NA,NA,NA,NA,NA,NA
"1117","336120","336111","333120","333111",NA,NA,NA,NA,NA,NA,NA,NA,NA
"1118","336211","336214","333120","333111",NA,NA,NA,NA,NA,NA,NA,NA,NA
"1119","336370","336399","336360","336214","336340","336350","333120","333111","336330","336211",NA,NA,NA
"1120","333924",NA,NA,NA,NA,NA,NA,NA,NA,NA,NA,NA,NA
"1121","336992",NA,NA,NA,NA,NA,NA,NA,NA,NA,NA,NA,NA
"1122","336991",NA,NA,NA,NA,NA,NA,NA,NA,NA,NA,NA,NA
"1123","336991",NA,NA,NA,NA,NA,NA,NA,NA,NA,NA,NA,NA
"1124","339113",NA,NA,NA,NA,NA,NA,NA,NA,NA,NA,NA,NA
"1125","336991","339113",NA,NA,NA,NA,NA,NA,NA,NA,NA,NA,NA
"1126","339932",NA,NA,NA,NA,NA,NA,NA,NA,NA,NA,NA,NA
"1127","336214","321991","336212","333924","333111","336399","332510",NA,NA,NA,NA,NA,NA
"1128","336411",NA,NA,NA,NA,NA,NA,NA,NA,NA,NA,NA,NA
"1129","336411","334220","336414",NA,NA,NA,NA,NA,NA,NA,NA,NA,NA
"1130","336413","334220","336419",NA,NA,NA,NA,NA,NA,NA,NA,NA,NA
"1131","314999",NA,NA,NA,NA,NA,NA,NA,NA,NA,NA,NA,NA
"1132","336413","335999",NA,NA,NA,NA,NA,NA,NA,NA,NA,NA,NA
"1133","336611",NA,NA,NA,NA,NA,NA,NA,NA,NA,NA,NA,NA
"1134","336611",NA,NA,NA,NA,NA,NA,NA,NA,NA,NA,NA,NA
"1135","326299","336612",NA,NA,NA,NA,NA,NA,NA,NA,NA,NA,NA
"1136","336611",NA,NA,NA,NA,NA,NA,NA,NA,NA,NA,NA,NA
"1137","336611",NA,NA,NA,NA,NA,NA,NA,NA,NA,NA,NA,NA
"1138","336611",NA,NA,NA,NA,NA,NA,NA,NA,NA,NA,NA,NA
"1139","326299","332420",NA,NA,NA,NA,NA,NA,NA,NA,NA,NA,NA
"1140","910000",NA,NA,NA,NA,NA,NA,NA,NA,NA,NA,NA,NA
"1141","327215","339115","333314",NA,NA,NA,NA,NA,NA,NA,NA,NA,NA
"1142","333314",NA,NA,NA,NA,NA,NA,NA,NA,NA,NA,NA,NA
"1143","339115",NA,NA,NA,NA,NA,NA,NA,NA,NA,NA,NA,NA
"1144","339115",NA,NA,NA,NA,NA,NA,NA,NA,NA,NA,NA,NA
"1145","333314",NA,NA,NA,NA,NA,NA,NA,NA,NA,NA,NA,NA
"1146","333315","335110",NA,NA,NA,NA,NA,NA,NA,NA,NA,NA,NA
"1147","333315",NA,NA,NA,NA,NA,NA,NA,NA,NA,NA,NA,NA
"1148","333315",NA,NA,NA,NA,NA,NA,NA,NA,NA,NA,NA,NA
"1149","333315",NA,NA,NA,NA,NA,NA,NA,NA,NA,NA,NA,NA
"1150","333315","333295",NA,NA,NA,NA,NA,NA,NA,NA,NA,NA,NA
"1151","333314",NA,NA,NA,NA,NA,NA,NA,NA,NA,NA,NA,NA
"1152","334516",NA,NA,NA,NA,NA,NA,NA,NA,NA,NA,NA,NA
"1153","333314","335999","339115","332510",NA,NA,NA,NA,NA,NA,NA,NA,NA
"1154","334511",NA,NA,NA,NA,NA,NA,NA,NA,NA,NA,NA,NA
"1155","334519",NA,NA,NA,NA,NA,NA,NA,NA,NA,NA,NA,NA
"1156","334519","333997",NA,NA,NA,NA,NA,NA,NA,NA,NA,NA,NA
"1157","334519","333295","334119","332212",NA,NA,NA,NA,NA,NA,NA,NA,NA
"1158","334510","334418","339112","339114",NA,NA,NA,NA,NA,NA,NA,NA,NA
"1159","339112","335999","339113","335211","339999",NA,NA,NA,NA,NA,NA,NA,NA
"1160","339920","339113",NA,NA,NA,NA,NA,NA,NA,NA,NA,NA,NA
"1161","339113","339112","339114","334510",NA,NA,NA,NA,NA,NA,NA,NA,NA
"1162","334517","334290",NA,NA,NA,NA,NA,NA,NA,NA,NA,NA,NA
"1163","339999",NA,NA,NA,NA,NA,NA,NA,NA,NA,NA,NA,NA
"1164","334519",NA,NA,NA,NA,NA,NA,NA,NA,NA,NA,NA,NA
"1165","339112","334519","334513",NA,NA,NA,NA,NA,NA,NA,NA,NA,NA
"1166","334513",NA,NA,NA,NA,NA,NA,NA,NA,NA,NA,NA,NA
"1167","334516","333315","334418","334519",NA,NA,NA,NA,NA,NA,NA,NA,NA
"1168","334514","334515",NA,NA,NA,NA,NA,NA,NA,NA,NA,NA,NA
"1169","334514","334513","334515",NA,NA,NA,NA,NA,NA,NA,NA,NA,NA
"1170","334519","334515","334418",NA,NA,NA,NA,NA,NA,NA,NA,NA,NA
"1171","333999","334515","333314","334516",NA,NA,NA,NA,NA,NA,NA,NA,NA
"1172","334512","334513","336322","334419",NA,NA,NA,NA,NA,NA,NA,NA,NA
"1173","334513",NA,NA,NA,NA,NA,NA,NA,NA,NA,NA,NA,NA
"1174","334518",NA,NA,NA,NA,NA,NA,NA,NA,NA,NA,NA,NA
"1175","334518",NA,NA,NA,NA,NA,NA,NA,NA,NA,NA,NA,NA
"1176","334518",NA,NA,NA,NA,NA,NA,NA,NA,NA,NA,NA,NA
"1177","334518",NA,NA,NA,NA,NA,NA,NA,NA,NA,NA,NA,NA
"1178","334518",NA,NA,NA,NA,NA,NA,NA,NA,NA,NA,NA,NA
"1179","334518","334514","332510",NA,NA,NA,NA,NA,NA,NA,NA,NA,NA
"1180","335314","334518","334512",NA,NA,NA,NA,NA,NA,NA,NA,NA,NA
"1181","334518",NA,NA,NA,NA,NA,NA,NA,NA,NA,NA,NA,NA
"1182","334518",NA,NA,NA,NA,NA,NA,NA,NA,NA,NA,NA,NA
"1183","334518",NA,NA,NA,NA,NA,NA,NA,NA,NA,NA,NA,NA
"1184","334518",NA,NA,NA,NA,NA,NA,NA,NA,NA,NA,NA,NA
"1185","334518",NA,NA,NA,NA,NA,NA,NA,NA,NA,NA,NA,NA
"1186","339911","339914","316993",NA,NA,NA,NA,NA,NA,NA,NA,NA,NA
"1187","334518",NA,NA,NA,NA,NA,NA,NA,NA,NA,NA,NA,NA
"1188","339992",NA,NA,NA,NA,NA,NA,NA,NA,NA,NA,NA,NA
"1189","339992",NA,NA,NA,NA,NA,NA,NA,NA,NA,NA,NA,NA
"1190","339992",NA,NA,NA,NA,NA,NA,NA,NA,NA,NA,NA,NA
"1191","339992",NA,NA,NA,NA,NA,NA,NA,NA,NA,NA,NA,NA
"1192","339992",NA,NA,NA,NA,NA,NA,NA,NA,NA,NA,NA,NA
"1193","339992",NA,NA,NA,NA,NA,NA,NA,NA,NA,NA,NA,NA
"1194","339992",NA,NA,NA,NA,NA,NA,NA,NA,NA,NA,NA,NA
"1195","339999","339992",NA,NA,NA,NA,NA,NA,NA,NA,NA,NA,NA
"1196","339999","339992",NA,NA,NA,NA,NA,NA,NA,NA,NA,NA,NA
"1197","332994","336992","332995",NA,NA,NA,NA,NA,NA,NA,NA,NA,NA
"1198","332994",NA,NA,NA,NA,NA,NA,NA,NA,NA,NA,NA,NA
"1199","332994",NA,NA,NA,NA,NA,NA,NA,NA,NA,NA,NA,NA
"1200","332994",NA,NA,NA,NA,NA,NA,NA,NA,NA,NA,NA,NA
"1201","332994","332995",NA,NA,NA,NA,NA,NA,NA,NA,NA,NA,NA
"1202","332992",NA,NA,NA,NA,NA,NA,NA,NA,NA,NA,NA,NA
"1203","332211",NA,NA,NA,NA,NA,NA,NA,NA,NA,NA,NA,NA
"1204","336360","337127","337121","337124","316110","337215",NA,NA,NA,NA,NA,NA,NA
"1205","339114","334519","337127",NA,NA,NA,NA,NA,NA,NA,NA,NA,NA
"1206","337214","337124","337215","337127","337211","337110","315999","327212",NA,NA,NA,NA,NA
"1207","337910","314999","314129",NA,NA,NA,NA,NA,NA,NA,NA,NA,NA
"1208","335121","335129","339950","327212",NA,NA,NA,NA,NA,NA,NA,NA,NA
"1209","321992","332311","326199",NA,NA,NA,NA,NA,NA,NA,NA,NA,NA
"1210","339932",NA,NA,NA,NA,NA,NA,NA,NA,NA,NA,NA,NA
"1211","339931",NA,NA,NA,NA,NA,NA,NA,NA,NA,NA,NA,NA
"1212","339932","339931",NA,NA,NA,NA,NA,NA,NA,NA,NA,NA,NA
"1213","339932","339920","339999","323119",NA,NA,NA,NA,NA,NA,NA,NA,NA
"1214","327212","339999","322299",NA,NA,NA,NA,NA,NA,NA,NA,NA,NA
"1215","339920",NA,NA,NA,NA,NA,NA,NA,NA,NA,NA,NA,NA
"1216","339920","314999",NA,NA,NA,NA,NA,NA,NA,NA,NA,NA,NA
"1217","335228",NA,NA,NA,NA,NA,NA,NA,NA,NA,NA,NA,NA
"1218","339999",NA,NA,NA,NA,NA,NA,NA,NA,NA,NA,NA,NA
"1219","325998","339999",NA,NA,NA,NA,NA,NA,NA,NA,NA,NA,NA
"1220","339994","339999",NA,NA,NA,NA,NA,NA,NA,NA,NA,NA,NA
"1221","339999",NA,NA,NA,NA,NA,NA,NA,NA,NA,NA,NA,NA
"1222","316993",NA,NA,NA,NA,NA,NA,NA,NA,NA,NA,NA,NA
"1223","339993",NA,NA,NA,NA,NA,NA,NA,NA,NA,NA,NA,NA
"1224","339993",NA,NA,NA,NA,NA,NA,NA,NA,NA,NA,NA,NA
"1225","339941",NA,NA,NA,NA,NA,NA,NA,NA,NA,NA,NA,NA
"1226","339942",NA,NA,NA,NA,NA,NA,NA,NA,NA,NA,NA,NA
"1227","339942",NA,NA,NA,NA,NA,NA,NA,NA,NA,NA,NA,NA
"1228","339943",NA,NA,NA,NA,NA,NA,NA,NA,NA,NA,NA,NA
"1229","339944","339943",NA,NA,NA,NA,NA,NA,NA,NA,NA,NA,NA
"1230","339999","339911",NA,NA,NA,NA,NA,NA,NA,NA,NA,NA,NA
"1231","321999","339999",NA,NA,NA,NA,NA,NA,NA,NA,NA,NA,NA
"1232","339999","339993","326199",NA,NA,NA,NA,NA,NA,NA,NA,NA,NA
"1233","339999","314999",NA,NA,NA,NA,NA,NA,NA,NA,NA,NA,NA
"1234","332439",NA,NA,NA,NA,NA,NA,NA,NA,NA,NA,NA,NA
"1235","339999",NA,NA,NA,NA,NA,NA,NA,NA,NA,NA,NA,NA
"1236","920000",NA,NA,NA,NA,NA,NA,NA,NA,NA,NA,NA,NA
"1237","920000",NA,NA,NA,NA,NA,NA,NA,NA,NA,NA,NA,NA
"1238","920000",NA,NA,NA,NA,NA,NA,NA,NA,NA,NA,NA,NA
"1239","920000",NA,NA,NA,NA,NA,NA,NA,NA,NA,NA,NA,NA
"1240","920000",NA,NA,NA,NA,NA,NA,NA,NA,NA,NA,NA,NA
"1241","920000",NA,NA,NA,NA,NA,NA,NA,NA,NA,NA,NA,NA
